[{"hash":"73e5b5dd5de952cda3c91379264c31552afd563d","author":"Hugo.Herbelin@inria.fr","committer":"Hugo.Herbelin@inria.fr","date":"2017-05-25T12:16:51+02:00","message":"Converting from iso-8859-1 to utf8.","body":"","diff":[{"file":"description","status":"M","additions":1,"deletions":1}]},{"hash":"01dddd705621ad9efbaf081bffa76465b3cdc442","author":"pierre.letouzey@inria.fr","committer":"pierre.letouzey@inria.fr","date":"2016-06-24T16:49:30+02:00","message":"Makefile: no more message about a Circular Make <- Makefile.coq dependency dropped","body":"","diff":[{"file":"Makefile","status":"M","additions":2,"deletions":0}]},{"hash":"ec38c9a99d79fd810e66ba2ec27c264e4a666df9","author":"m4tej.kosik@gmail.com","committer":"m4tej.kosik@gmail.com","date":"2016-05-25T19:30:26+02:00","message":"Merge branch 'v8.5'","body":"","diff":[]},{"hash":"0238937f66c336b5ef0f857f862aa167b538b3d0","author":"m4tej.kosik@gmail.com","committer":"m4tej.kosik@gmail.com","date":"2016-04-27T18:53:57+02:00","message":"updating Makefile","body":"","diff":[{"file":"Makefile","status":"M","additions":10,"deletions":176}]},{"hash":"9a968b3f86f3b8fbefd38ba28dface73ac647156","author":"m4tej.kosik@gmail.com","committer":"m4tej.kosik@gmail.com","date":"2016-04-27T18:53:56+02:00","message":"updating Makefile","body":"","diff":[{"file":"Makefile","status":"M","additions":1,"deletions":1}]},{"hash":"9fb08fbd7c1cd3ffe74f5b2fe6818804ce55f4e6","author":"pierre-marie.pedrot@inria.fr","committer":"","date":"2016-03-18T19:12:27+01:00","message":"Auto-generating Makefile.","body":"","diff":[{"file":"Makefile","status":"M","additions":10,"deletions":276}]},{"hash":"6a0448d0958eed2fce59573e49f4fcc5f2e6ea24","author":"m4tej.kosik@gmail.com","committer":"m4tej.kosik@gmail.com","date":"2016-03-16T11:34:02+01:00","message":"CLEANUP: \"Make\" file","body":"","diff":[{"file":"Make","status":"M","additions":208,"deletions":107},{"file":"Makefile","status":"M","additions":208,"deletions":107}]},{"hash":"016d31b46bff7519c9991fc83919e29a2520fa76","author":"ppedrot@0cf17b13-060f-0410-b1b1-c666bec9822a","committer":"","date":"2014-02-12T18:44:48+00:00","message":"Revert \"Regenerating Makefiles.\" We will be able to do so when we have access to the newbench machine.","body":"git-svn-id: svn://scm.gforge.inria.fr/svnroot/coq-contribs/trunk@2489 0cf17b13-060f-0410-b1b1-c666bec9822a\n","diff":[{"file":"Makefile","status":"M","additions":110,"deletions":185}]},{"hash":"16973a8b26672ba529ec5c4b0a9825be3a84ae71","author":"ppedrot@0cf17b13-060f-0410-b1b1-c666bec9822a","committer":"","date":"2014-02-11T16:17:04+00:00","message":"Regenerating Makefiles. They were quite outdated and spat a lot of warning related to deprecated features. This should work as-is, but I am still crossing my fingers.","body":"git-svn-id: svn://scm.gforge.inria.fr/svnroot/coq-contribs/trunk@2484 0cf17b13-060f-0410-b1b1-c666bec9822a\n","diff":[{"file":"Makefile","status":"M","additions":185,"deletions":110}]},{"hash":"9959be1141a2d899ea5d71b8acf90ef8238fa3a7","author":"pboutill@0cf17b13-060f-0410-b1b1-c666bec9822a","committer":"","date":"2012-01-17T17:30:22+00:00","message":"make.log and bench.log are files from local bench","body":"They are deleted and ignored in the depo.\n\ngit-svn-id: svn://scm.gforge.inria.fr/svnroot/coq-contribs/trunk@1724 0cf17b13-060f-0410-b1b1-c666bec9822a\n","diff":[{"file":"bench.log","status":"D","additions":0,"deletions":1642}]},{"hash":"571e999f1015fbe336694f48073d740bd41bc99f","author":"serpyc@0cf17b13-060f-0410-b1b1-c666bec9822a","committer":"","date":"2009-11-16T14:24:55+00:00","message":"Sauvegarde des bench.log","body":"git-svn-id: svn://scm.gforge.inria.fr/svnroot/coq-contribs/trunk@1075 0cf17b13-060f-0410-b1b1-c666bec9822a\n","diff":[{"file":"bench.log","status":"M","additions":80,"deletions":0}]},{"hash":"6c5c8b26952339e9189ec5c86baee00af0ac4aa5","author":"serpyc@0cf17b13-060f-0410-b1b1-c666bec9822a","committer":"","date":"2009-08-19T12:41:28+00:00","message":"sauvegarde des bench.log","body":"git-svn-id: svn://scm.gforge.inria.fr/svnroot/coq-contribs/trunk@1016 0cf17b13-060f-0410-b1b1-c666bec9822a\n","diff":[{"file":"bench.log","status":"M","additions":353,"deletions":0}]},{"hash":"fba2b6ff518bb5ec637d323242f9d0aa777c4c51","author":"serpyc@0cf17b13-060f-0410-b1b1-c666bec9822a","committer":"","date":"2008-07-30T13:09:12+00:00","message":"Sauvergarde des bench.log","body":"git-svn-id: svn://scm.gforge.inria.fr/svnroot/coq-contribs/trunk@829 0cf17b13-060f-0410-b1b1-c666bec9822a\n","diff":[{"file":"bench.log","status":"M","additions":36,"deletions":0}]},{"hash":"b90f921c669a01b48f8a718999cb75151f790fe2","author":"serpyc@0cf17b13-060f-0410-b1b1-c666bec9822a","committer":"","date":"2008-06-17T13:38:56+00:00","message":"Sauvegarde des bench.log","body":"git-svn-id: svn://scm.gforge.inria.fr/svnroot/coq-contribs/trunk@809 0cf17b13-060f-0410-b1b1-c666bec9822a\n","diff":[{"file":"bench.log","status":"M","additions":75,"deletions":0}]},{"hash":"c44348a050f19ee41272d260fa6bfd45c95f1d71","author":"notin@0cf17b13-060f-0410-b1b1-c666bec9822a","committer":"","date":"2008-04-22T17:12:51+00:00","message":"Ajout d'un champ Category dans les fichiers description","body":"git-svn-id: svn://scm.gforge.inria.fr/svnroot/coq-contribs/trunk@776 0cf17b13-060f-0410-b1b1-c666bec9822a\n","diff":[{"file":"description","status":"M","additions":1,"deletions":0}]},{"hash":"bcd232b1b76a3a2cd84c48a71c221bb648beb24a","author":"notin@0cf17b13-060f-0410-b1b1-c666bec9822a","committer":"","date":"2008-04-04T16:33:04+00:00","message":"Harmonisation des noms des contributions: première passe","body":"git-svn-id: svn://scm.gforge.inria.fr/svnroot/coq-contribs/trunk@749 0cf17b13-060f-0410-b1b1-c666bec9822a\n","diff":[{"file":"Binomials.v","status":"A","additions":3460,"deletions":0},{"file":"Divides.v","status":"A","additions":3460,"deletions":0},{"file":"Fermat.v","status":"A","additions":3460,"deletions":0},{"file":"LICENSE","status":"A","additions":3460,"deletions":0},{"file":"Make","status":"A","additions":3460,"deletions":0},{"file":"Makefile","status":"A","additions":3460,"deletions":0},{"file":"MiscRsa.v","status":"A","additions":3460,"deletions":0},{"file":"README","status":"A","additions":3460,"deletions":0},{"file":"Rsa.v","status":"A","additions":3460,"deletions":0},{"file":"bench.log","status":"A","additions":3460,"deletions":0},{"file":"description","status":"A","additions":3460,"deletions":0}]}]