[{"hash":"84cab885dd166ba80049973590a1080524fd9306","author":"Hugo.Herbelin@inria.fr","committer":"Hugo.Herbelin@inria.fr","date":"2020-10-18T13:35:57+02:00","message":"Getting rid warnings on hints w/o base.","body":"","diff":[{"file":"basic_geometric_facts.v","status":"M","additions":2,"deletions":2}]},{"hash":"c82839738ed917acb18b771b09687e9c1d671902","author":"Hugo.Herbelin@inria.fr","committer":"Hugo.Herbelin@inria.fr","date":"2020-10-18T13:02:26+02:00","message":"Replacing Quote by an Ltac function.","body":"","diff":[{"file":"Rgeometry_tools.v","status":"M","additions":16,"deletions":2}]},{"hash":"7a35867e649ba946cdc931c20a5829580b6227e9","author":"Hugo.Herbelin@inria.fr","committer":"Hugo.Herbelin@inria.fr","date":"2019-12-07T13:11:06+01:00","message":"Removing a scope warning.","body":"","diff":[{"file":"field.v","status":"M","additions":1,"deletions":0}]},{"hash":"dcc122baf7e5bf4522b62a1be232c994cf200d7e","author":"theo.zimmermann@univ-paris-diderot.fr","committer":"noreply@github.com","date":"2019-11-14T17:42:03+01:00","message":"Merge pull request #1 from jnarboux/patch-1","body":"Remove nested lemma.","diff":[]},{"hash":"3b4f0c9d855839dce5a8c776149243a52def936a","author":"Julien@narboux.fr","committer":"noreply@github.com","date":"2019-10-17T14:59:28+02:00","message":"Remove nested lemma.","body":"","diff":[{"file":"freepoints.v","status":"M","additions":5,"deletions":4}]},{"hash":"a523359efcd294b508ed2ba21dc1c512fba17caa","author":"Hugo.Herbelin@inria.fr","committer":"Hugo.Herbelin@inria.fr","date":"2017-05-25T12:16:46+02:00","message":"Converting from iso-8859-1 to utf8.","body":"","diff":[{"file":"description","status":"M","additions":2,"deletions":2}]},{"hash":"c599734c0ca9bfcdae7ca436be4a17fda5d55c18","author":"Hugo.Herbelin@inria.fr","committer":"Hugo.Herbelin@inria.fr","date":"2017-06-28T10:36:49+02:00","message":"Move \"Save\" to \"Qed\".","body":"","diff":[{"file":"Rgeometry_tools.v","status":"M","additions":1,"deletions":1}]},{"hash":"e1c681f8c3c33c3a3d2075313f5acac28bfeacb7","author":"pierre.letouzey@inria.fr","committer":"pierre.letouzey@inria.fr","date":"2016-06-24T16:49:29+02:00","message":"Makefile: no more message about a Circular Make <- Makefile.coq dependency dropped","body":"","diff":[{"file":"Makefile","status":"M","additions":2,"deletions":0}]},{"hash":"979a26f4457534d252cdf96e61b37b3abc0e52a7","author":"Hugo.Herbelin@inria.fr","committer":"Hugo.Herbelin@inria.fr","date":"2016-06-01T18:20:06+02:00","message":"Fixing a script dependent on the \"anarchic\" order of hypotheses after subst.","body":"","diff":[{"file":"freepoints.v","status":"M","additions":2,"deletions":0}]},{"hash":"37aca619f664c1cc6412414ec935eb51d747633f","author":"m4tej.kosik@gmail.com","committer":"m4tej.kosik@gmail.com","date":"2016-05-25T17:08:59+02:00","message":"Merge branch 'v8.5'","body":"","diff":[]},{"hash":"38c92661df2f90a62a5c4143354171eb86c2019c","author":"m4tej.kosik@gmail.com","committer":"m4tej.kosik@gmail.com","date":"2016-04-30T20:40:33+02:00","message":"replacing the Makefile","body":"","diff":[{"file":"Makefile","status":"M","additions":10,"deletions":248}]},{"hash":"039abcf0d954b765730bef4a9cff9481bfed2bfc","author":"m4tej.kosik@gmail.com","committer":"m4tej.kosik@gmail.com","date":"2016-04-25T17:27:03+02:00","message":"updating Makefile","body":"","diff":[{"file":"Makefile","status":"M","additions":1,"deletions":1}]},{"hash":"a2b2bae8883d045e666e4161cc72bfc317b29d35","author":"pierre-marie.pedrot@inria.fr","committer":"","date":"2016-03-18T14:14:09+01:00","message":"Auto-generating Makefile.","body":"","diff":[{"file":"Makefile","status":"M","additions":10,"deletions":248}]},{"hash":"91fb2e64bfc578f8513399007f7e0491e6a88183","author":"m4tej.kosik@gmail.com","committer":"m4tej.kosik@gmail.com","date":"2016-03-15T19:24:03+01:00","message":"CLEANUP: \"Make\" file","body":"","diff":[{"file":"Make","status":"M","additions":2,"deletions":1}]},{"hash":"420ace324431b405a73ddbc81009920c5c3569a9","author":"pierre-marie.pedrot@inria.fr","committer":"","date":"2016-03-08T12:24:21+01:00","message":"Fixing compilation after d5656a6.","body":"","diff":[{"file":"Rgeometry_tools.v","status":"M","additions":44,"deletions":44},{"file":"constructed_points_elimination.v","status":"M","additions":44,"deletions":44},{"file":"construction_tactics.v","status":"M","additions":44,"deletions":44},{"file":"field_variable_isolation_tactic.v","status":"M","additions":44,"deletions":44},{"file":"free_points_elimination.v","status":"M","additions":44,"deletions":44},{"file":"geometry_tools.v","status":"M","additions":44,"deletions":44}]},{"hash":"3387037df6ba7d9c8cd09a2ff0cbb5c8b3209ce9","author":"gares@fettunta.org","committer":"gares@fettunta.org","date":"2015-04-29T16:53:38+02:00","message":"fix keywords syntax","body":"","diff":[{"file":"description","status":"M","additions":1,"deletions":1}]},{"hash":"e3561fc526aea07c09d40c8c10b4c26d62fac36b","author":"ppedrot@0cf17b13-060f-0410-b1b1-c666bec9822a","committer":"","date":"2014-02-12T18:44:48+00:00","message":"Revert \"Regenerating Makefiles.\" We will be able to do so when we have access to the newbench machine.","body":"git-svn-id: svn://scm.gforge.inria.fr/svnroot/coq-contribs/trunk@2489 0cf17b13-060f-0410-b1b1-c666bec9822a\n","diff":[{"file":"Makefile","status":"M","additions":158,"deletions":199}]},{"hash":"27419ee3eaf2a6c2f624a9cfd47797e3446eef0f","author":"ppedrot@0cf17b13-060f-0410-b1b1-c666bec9822a","committer":"","date":"2014-02-11T16:17:04+00:00","message":"Regenerating Makefiles. They were quite outdated and spat a lot of warning related to deprecated features. This should work as-is, but I am still crossing my fingers.","body":"git-svn-id: svn://scm.gforge.inria.fr/svnroot/coq-contribs/trunk@2484 0cf17b13-060f-0410-b1b1-c666bec9822a\n","diff":[{"file":"Makefile","status":"M","additions":199,"deletions":158}]},{"hash":"c3be5258b18358c04031523095dca944e10bd707","author":"pboutill@0cf17b13-060f-0410-b1b1-c666bec9822a","committer":"","date":"2012-01-17T17:30:22+00:00","message":"make.log and bench.log are files from local bench","body":"They are deleted and ignored in the depo.\n\ngit-svn-id: svn://scm.gforge.inria.fr/svnroot/coq-contribs/trunk@1724 0cf17b13-060f-0410-b1b1-c666bec9822a\n","diff":[{"file":"bench.log","status":"D","additions":0,"deletions":1089}]},{"hash":"af480d4fb801b8333a4765f3504c157cb68f3619","author":"glondu@0cf17b13-060f-0410-b1b1-c666bec9822a","committer":"","date":"2011-02-10T17:56:59+00:00","message":"Avoid Require \"X\" forms","body":"git-svn-id: svn://scm.gforge.inria.fr/svnroot/coq-contribs/trunk@1343 0cf17b13-060f-0410-b1b1-c666bec9822a\n","diff":[{"file":"Rgeometry_tools.v","status":"M","additions":4,"deletions":4},{"file":"bench_normalization_tactics.v","status":"M","additions":4,"deletions":4}]},{"hash":"f6fb1c9469e9606515b0736fc66f09d900262cad","author":"jnarboux@0cf17b13-060f-0410-b1b1-c666bec9822a","committer":"","date":"2010-08-03T07:22:47+00:00","message":"Add a version information to clarify the future changes","body":"git-svn-id: svn://scm.gforge.inria.fr/svnroot/coq-contribs/trunk@1242 0cf17b13-060f-0410-b1b1-c666bec9822a\n","diff":[{"file":"description","status":"M","additions":5,"deletions":1}]},{"hash":"d5af6293b8fb68fae13f0cb15948d5392c635b99","author":"jnarboux@0cf17b13-060f-0410-b1b1-c666bec9822a","committer":"","date":"2010-07-15T10:00:40+00:00","message":"fix compilation under trunk, simplify the proof, remove focus","body":"git-svn-id: svn://scm.gforge.inria.fr/svnroot/coq-contribs/trunk@1228 0cf17b13-060f-0410-b1b1-c666bec9822a\n","diff":[{"file":"Makefile","status":"M","additions":54,"deletions":99},{"file":"area_elimination_lemmas.v","status":"M","additions":54,"deletions":99}]},{"hash":"fab5a95f7585217f47de0ce7fda41150f96e72ef","author":"jnarboux@0cf17b13-060f-0410-b1b1-c666bec9822a","committer":"","date":"2010-06-18T06:03:10+00:00","message":"changes from upstrea: remove an assumption in an elimination lemma, prove the version of the axioms given in the paper","body":"git-svn-id: svn://scm.gforge.inria.fr/svnroot/coq-contribs/trunk@1183 0cf17b13-060f-0410-b1b1-c666bec9822a\n","diff":[{"file":"basic_geometric_facts.v","status":"M","additions":295,"deletions":12},{"file":"py_elimination_lemmas.v","status":"M","additions":295,"deletions":12},{"file":"pythagoras_difference.v","status":"M","additions":295,"deletions":12}]},{"hash":"82b8a29b1ff5b35debc4c2f31b34b99ef76b9a77","author":"herbelin@0cf17b13-060f-0410-b1b1-c666bec9822a","committer":"","date":"2010-06-10T08:04:27+00:00","message":"Adaptation of contributions to new policy for automatic introduction (continued) Fixed a wrong commit in AreaMethod Fixed MapleMode and CoinductiveReals","body":"git-svn-id: svn://scm.gforge.inria.fr/svnroot/coq-contribs/trunk@1179 0cf17b13-060f-0410-b1b1-c666bec9822a\n","diff":[{"file":"area_elimination_lemmas.v","status":"M","additions":0,"deletions":1}]},{"hash":"1ad272fa2b51a9e3c3b1080d770a253a5153e08e","author":"herbelin@0cf17b13-060f-0410-b1b1-c666bec9822a","committer":"","date":"2010-06-09T13:02:15+00:00","message":"Adapted contributions to new policy for automatic introduction of variables preceding the colon in Definition, Lemma, etc. This helped to fine-tune the exact behavior of the new policy. Used option \"Automatic Introduction\" for ssreflect only.","body":"git-svn-id: svn://scm.gforge.inria.fr/svnroot/coq-contribs/trunk@1177 0cf17b13-060f-0410-b1b1-c666bec9822a\n","diff":[{"file":"area_elimination_lemmas.v","status":"M","additions":1,"deletions":0}]},{"hash":"34986092e55d891fcadd23b2f6bad7a4b1486189","author":"serpyc@0cf17b13-060f-0410-b1b1-c666bec9822a","committer":"","date":"2009-11-16T14:24:55+00:00","message":"Sauvegarde des bench.log","body":"git-svn-id: svn://scm.gforge.inria.fr/svnroot/coq-contribs/trunk@1075 0cf17b13-060f-0410-b1b1-c666bec9822a\n","diff":[{"file":"bench.log","status":"M","additions":78,"deletions":0}]},{"hash":"fc174cbcb8d8dec702960921b9ea68c6f64cb71c","author":"serpyc@0cf17b13-060f-0410-b1b1-c666bec9822a","committer":"","date":"2009-08-19T12:41:28+00:00","message":"sauvegarde des bench.log","body":"git-svn-id: svn://scm.gforge.inria.fr/svnroot/coq-contribs/trunk@1016 0cf17b13-060f-0410-b1b1-c666bec9822a\n","diff":[{"file":"bench.log","status":"M","additions":353,"deletions":0}]},{"hash":"4645b15d0ebed90fc4c0d754e86cc875f529ae22","author":"jnarboux@0cf17b13-060f-0410-b1b1-c666bec9822a","committer":"","date":"2009-08-10T11:32:29+00:00","message":"new version of the area method which can deal with euclidean geometry","body":"git-svn-id: svn://scm.gforge.inria.fr/svnroot/coq-contribs/trunk@1009 0cf17b13-060f-0410-b1b1-c666bec9822a\n","diff":[{"file":"Make","status":"A","additions":7730,"deletions":984},{"file":"Makefile","status":"A","additions":7730,"deletions":984},{"file":"README","status":"A","additions":7730,"deletions":984},{"file":"Rgeometry_tools.v","status":"A","additions":7730,"deletions":984},{"file":"advanced_parallel_lemmas.v","status":"A","additions":7730,"deletions":984},{"file":"area_coords_constructions.v","status":"A","additions":7730,"deletions":984},{"file":"area_coords_elimination.v","status":"A","additions":7730,"deletions":984},{"file":"elimination_lemmas.v","status":"A","additions":7730,"deletions":984},{"file":"area_method.v","status":"A","additions":7730,"deletions":984},{"file":"chou_geometry.v","status":"A","additions":7730,"deletions":984},{"file":"bench_normalization_tactics.v","status":"A","additions":7730,"deletions":984},{"file":"chou_axioms.v","status":"A","additions":7730,"deletions":984},{"file":"constructed_points_elimination.v","status":"A","additions":7730,"deletions":984},{"file":"construction_lemmas.v","status":"A","additions":7730,"deletions":984},{"file":"construction_lemmas_2.v","status":"A","additions":7730,"deletions":984},{"file":"construction_tactics.v","status":"A","additions":7730,"deletions":984},{"file":"description","status":"A","additions":7730,"deletions":984},{"file":"elimination_prepare.v","status":"A","additions":7730,"deletions":984},{"file":"euclidean_constructions.v","status":"A","additions":7730,"deletions":984},{"file":"euclidean_constructions_2.v","status":"A","additions":7730,"deletions":984},{"file":"examples_1.v","status":"A","additions":7730,"deletions":984},{"file":"examples_2.v","status":"A","additions":7730,"deletions":984},{"file":"examples_3.v","status":"A","additions":7730,"deletions":984},{"file":"examples_4.v","status":"A","additions":7730,"deletions":984},{"file":"examples_5.v","status":"A","additions":7730,"deletions":984},{"file":"examples_6.v","status":"A","additions":7730,"deletions":984},{"file":"examples_centroid.v","status":"A","additions":7730,"deletions":984},{"file":"examples_circumcenter.v","status":"A","additions":7730,"deletions":984},{"file":"examples_interactive.v","status":"A","additions":7730,"deletions":984},{"file":"field.v","status":"A","additions":7730,"deletions":984},{"file":"field_general_properties.v","status":"A","additions":7730,"deletions":984},{"file":"field_variable_isolation_tactic.v","status":"A","additions":7730,"deletions":984},{"file":"free_points_elimination.v","status":"A","additions":7730,"deletions":984},{"file":"free_points_elimination_py.v","status":"A","additions":7730,"deletions":984},{"file":"freepoints.v","status":"A","additions":7730,"deletions":984},{"file":"general_tactics.v","status":"A","additions":7730,"deletions":984},{"file":"geometry_tools.v","status":"A","additions":7730,"deletions":984},{"file":"geometry_tools_lemmas.v","status":"A","additions":7730,"deletions":984},{"file":"my_field_tac.v","status":"A","additions":7730,"deletions":984},{"file":"parallel_lemmas.v","status":"A","additions":7730,"deletions":984},{"file":"py_elimination_lemmas.v","status":"A","additions":7730,"deletions":984},{"file":"pythagoras_difference.v","status":"A","additions":7730,"deletions":984},{"file":"pythagoras_difference_lemmas.v","status":"A","additions":7730,"deletions":984},{"file":"ratios_elimination_lemmas.v","status":"A","additions":7730,"deletions":984},{"file":"simplify_constructions.v","status":"A","additions":7730,"deletions":984},{"file":"tests_elimination_tactics_areas.v","status":"A","additions":7730,"deletions":984},{"file":"tests_elimination_tactics_py.v","status":"A","additions":7730,"deletions":984},{"file":"tests_elimination_tactics.v","status":"A","additions":7730,"deletions":984}]},{"hash":"38c2cfdc7c51828622b9e820e858046c09826eb3","author":"serpyc@0cf17b13-060f-0410-b1b1-c666bec9822a","committer":"","date":"2008-07-30T13:09:12+00:00","message":"Sauvergarde des bench.log","body":"git-svn-id: svn://scm.gforge.inria.fr/svnroot/coq-contribs/trunk@829 0cf17b13-060f-0410-b1b1-c666bec9822a\n","diff":[{"file":"bench.log","status":"M","additions":36,"deletions":0}]},{"hash":"aca8018c8a5c039409da922af89e12e2934498ce","author":"serpyc@0cf17b13-060f-0410-b1b1-c666bec9822a","committer":"","date":"2008-06-17T13:38:56+00:00","message":"Sauvegarde des bench.log","body":"git-svn-id: svn://scm.gforge.inria.fr/svnroot/coq-contribs/trunk@809 0cf17b13-060f-0410-b1b1-c666bec9822a\n","diff":[{"file":"bench.log","status":"M","additions":75,"deletions":0}]},{"hash":"baf8678b37e075c9a022c7d2dbb6c4c0a04048f4","author":"notin@0cf17b13-060f-0410-b1b1-c666bec9822a","committer":"","date":"2008-04-28T11:18:11+00:00","message":"Mise à jour des fichiers description (principalement des mots clés)","body":"git-svn-id: svn://scm.gforge.inria.fr/svnroot/coq-contribs/trunk@786 0cf17b13-060f-0410-b1b1-c666bec9822a\n","diff":[{"file":"description","status":"M","additions":10,"deletions":6},{"file":"elimination_lemmas.v","status":"M","additions":10,"deletions":6}]},{"hash":"dc23c1cbd0c3b2d8cb57bda6b8319fd7edc9117e","author":"notin@0cf17b13-060f-0410-b1b1-c666bec9822a","committer":"","date":"2008-04-22T17:12:51+00:00","message":"Ajout d'un champ Category dans les fichiers description","body":"git-svn-id: svn://scm.gforge.inria.fr/svnroot/coq-contribs/trunk@776 0cf17b13-060f-0410-b1b1-c666bec9822a\n","diff":[{"file":"description","status":"M","additions":1,"deletions":1}]},{"hash":"bf045165bfb43880a913f2494c9a951c69edf557","author":"notin@0cf17b13-060f-0410-b1b1-c666bec9822a","committer":"","date":"2008-04-04T16:33:04+00:00","message":"Harmonisation des noms des contributions: première passe","body":"git-svn-id: svn://scm.gforge.inria.fr/svnroot/coq-contribs/trunk@749 0cf17b13-060f-0410-b1b1-c666bec9822a\n","diff":[{"file":"Make","status":"A","additions":10609,"deletions":0},{"file":"Makefile","status":"A","additions":10609,"deletions":0},{"file":"README","status":"A","additions":10609,"deletions":0},{"file":"Rgeometry_tools.v","status":"A","additions":10609,"deletions":0},{"file":"advanced_parallel_lemmas.v","status":"A","additions":10609,"deletions":0},{"file":"area_method.v","status":"A","additions":10609,"deletions":0},{"file":"bench.log","status":"A","additions":10609,"deletions":0},{"file":"bench_normalization_tactics.v","status":"A","additions":10609,"deletions":0},{"file":"chou_axioms.v","status":"A","additions":10609,"deletions":0},{"file":"chou_geometry.v","status":"A","additions":10609,"deletions":0},{"file":"constructed_points_elimination.v","status":"A","additions":10609,"deletions":0},{"file":"construction_lemmas.v","status":"A","additions":10609,"deletions":0},{"file":"construction_lemmas_2.v","status":"A","additions":10609,"deletions":0},{"file":"construction_tactics.v","status":"A","additions":10609,"deletions":0},{"file":"description","status":"A","additions":10609,"deletions":0},{"file":"elimination_lemmas.v","status":"A","additions":10609,"deletions":0},{"file":"elimination_prepare.v","status":"A","additions":10609,"deletions":0},{"file":"examples_1.v","status":"A","additions":10609,"deletions":0},{"file":"examples_2.v","status":"A","additions":10609,"deletions":0},{"file":"examples_3.v","status":"A","additions":10609,"deletions":0},{"file":"examples_4.v","status":"A","additions":10609,"deletions":0},{"file":"field.v","status":"A","additions":10609,"deletions":0},{"file":"field_general_properties.v","status":"A","additions":10609,"deletions":0},{"file":"field_variable_isolation_tactic.v","status":"A","additions":10609,"deletions":0},{"file":"free_points_elimination.v","status":"A","additions":10609,"deletions":0},{"file":"freepoints.v","status":"A","additions":10609,"deletions":0},{"file":"general_tactics.v","status":"A","additions":10609,"deletions":0},{"file":"geometry_tools.v","status":"A","additions":10609,"deletions":0},{"file":"geometry_tools_lemmas.v","status":"A","additions":10609,"deletions":0},{"file":"my_field_tac.v","status":"A","additions":10609,"deletions":0},{"file":"parallel_lemmas.v","status":"A","additions":10609,"deletions":0},{"file":"ratios_elimination_lemmas.v","status":"A","additions":10609,"deletions":0},{"file":"simplify_constructions.v","status":"A","additions":10609,"deletions":0},{"file":"tests_elimination_tactics.v","status":"A","additions":10609,"deletions":0}]}]