[{"hash":"31df08b6c00fe7d0ac7391f7f939c4869cfe9b8c","author":"pierre.letouzey@inria.fr","committer":"pierre.letouzey@inria.fr","date":"2016-06-24T16:49:30+02:00","message":"Makefile: no more message about a Circular Make <- Makefile.coq dependency dropped","body":"","diff":[{"file":"Makefile","status":"M","additions":2,"deletions":0}]},{"hash":"4c4b05d45ffeac2403f636fe6284c0d06ffc16a9","author":"m4tej.kosik@gmail.com","committer":"m4tej.kosik@gmail.com","date":"2016-05-25T19:31:04+02:00","message":"Merge branch 'v8.5'","body":"","diff":[]},{"hash":"5c54e365ae25957ddccc1affea8c8ec2a52b11be","author":"m4tej.kosik@gmail.com","committer":"m4tej.kosik@gmail.com","date":"2016-04-27T18:59:38+02:00","message":"updating Makefile","body":"","diff":[{"file":"Makefile","status":"M","additions":10,"deletions":164}]},{"hash":"5338ea404aba933df2c821a88dc7ee1b1d7b912c","author":"m4tej.kosik@gmail.com","committer":"m4tej.kosik@gmail.com","date":"2016-04-27T18:59:37+02:00","message":"updating Makefile","body":"","diff":[{"file":"Makefile","status":"M","additions":1,"deletions":1}]},{"hash":"5d3a098471d03aeb4d48f482ce14b8387fbd0d97","author":"pierre-marie.pedrot@inria.fr","committer":"","date":"2016-03-18T19:12:32+01:00","message":"Auto-generating Makefile.","body":"","diff":[{"file":"Makefile","status":"M","additions":10,"deletions":276}]},{"hash":"3e88de0f91d41932c6481bc74a634c86aa15b095","author":"m4tej.kosik@gmail.com","committer":"m4tej.kosik@gmail.com","date":"2016-03-16T11:34:41+01:00","message":"CLEANUP: \"Make\" file","body":"","diff":[{"file":"Make","status":"M","additions":205,"deletions":92},{"file":"Makefile","status":"M","additions":205,"deletions":92}]},{"hash":"4e0105b8c79c7a506687a0bc44ae5c85a5e2c6e0","author":"ppedrot@0cf17b13-060f-0410-b1b1-c666bec9822a","committer":"","date":"2014-02-12T18:44:48+00:00","message":"Revert \"Regenerating Makefiles.\" We will be able to do so when we have access to the newbench machine.","body":"git-svn-id: svn://scm.gforge.inria.fr/svnroot/coq-contribs/trunk@2489 0cf17b13-060f-0410-b1b1-c666bec9822a\n","diff":[{"file":"Makefile","status":"M","additions":95,"deletions":182}]},{"hash":"50f9bbb8c9a098a0b400f1315b5999d1d381d491","author":"ppedrot@0cf17b13-060f-0410-b1b1-c666bec9822a","committer":"","date":"2014-02-11T16:17:04+00:00","message":"Regenerating Makefiles. They were quite outdated and spat a lot of warning related to deprecated features. This should work as-is, but I am still crossing my fingers.","body":"git-svn-id: svn://scm.gforge.inria.fr/svnroot/coq-contribs/trunk@2484 0cf17b13-060f-0410-b1b1-c666bec9822a\n","diff":[{"file":"Makefile","status":"M","additions":182,"deletions":95}]},{"hash":"39df2be2fad8aad70e53004d5f69d91acfdeec60","author":"ppedrot@0cf17b13-060f-0410-b1b1-c666bec9822a","committer":"","date":"2013-09-19T15:22:21+00:00","message":"Fixing Schroeder, by removing a should-be deprecated syntax.","body":"git-svn-id: svn://scm.gforge.inria.fr/svnroot/coq-contribs/trunk@2401 0cf17b13-060f-0410-b1b1-c666bec9822a\n","diff":[{"file":"Schroeder.v","status":"M","additions":3,"deletions":1}]},{"hash":"e891481be1332c7b23747e091ec181b8a2fcfc9b","author":"pboutill@0cf17b13-060f-0410-b1b1-c666bec9822a","committer":"","date":"2012-01-17T17:30:22+00:00","message":"make.log and bench.log are files from local bench","body":"They are deleted and ignored in the depo.\n\ngit-svn-id: svn://scm.gforge.inria.fr/svnroot/coq-contribs/trunk@1724 0cf17b13-060f-0410-b1b1-c666bec9822a\n","diff":[{"file":"bench.log","status":"D","additions":0,"deletions":1640}]},{"hash":"d59d9bd15f385ed52403adfa9b948817ed118265","author":"herbelin@0cf17b13-060f-0410-b1b1-c666bec9822a","committer":"","date":"2010-05-29T18:50:52+00:00","message":"Removed calls to Unfocus/Resume that were inactive in V8.3 and that have a more strict behavior with the new proof engine.","body":"git-svn-id: svn://scm.gforge.inria.fr/svnroot/coq-contribs/trunk@1173 0cf17b13-060f-0410-b1b1-c666bec9822a\n","diff":[{"file":"Schroeder.v","status":"M","additions":2,"deletions":1}]},{"hash":"88464660a2fcba18e184ab6a8d0b8dac8dc921d8","author":"serpyc@0cf17b13-060f-0410-b1b1-c666bec9822a","committer":"","date":"2009-11-16T14:24:55+00:00","message":"Sauvegarde des bench.log","body":"git-svn-id: svn://scm.gforge.inria.fr/svnroot/coq-contribs/trunk@1075 0cf17b13-060f-0410-b1b1-c666bec9822a\n","diff":[{"file":"bench.log","status":"M","additions":78,"deletions":0}]},{"hash":"554fc9e841423ae4c3b36a58743b32a976db6917","author":"serpyc@0cf17b13-060f-0410-b1b1-c666bec9822a","committer":"","date":"2009-08-19T12:41:28+00:00","message":"sauvegarde des bench.log","body":"git-svn-id: svn://scm.gforge.inria.fr/svnroot/coq-contribs/trunk@1016 0cf17b13-060f-0410-b1b1-c666bec9822a\n","diff":[{"file":"bench.log","status":"M","additions":353,"deletions":0}]},{"hash":"0e0fb02b07d19bf166c0e0ae71a2e34c354a8779","author":"herbelin@0cf17b13-060f-0410-b1b1-c666bec9822a","committer":"","date":"2009-03-13T07:59:33+00:00","message":"Traduction + ajout notations + léger nettoyage","body":"git-svn-id: svn://scm.gforge.inria.fr/svnroot/coq-contribs/trunk@936 0cf17b13-060f-0410-b1b1-c666bec9822a\n","diff":[{"file":"Equipollence.v","status":"M","additions":150,"deletions":206},{"file":"Functions.v","status":"M","additions":150,"deletions":206},{"file":"Schroeder.v","status":"M","additions":150,"deletions":206},{"file":"Setminus_fact.v","status":"M","additions":150,"deletions":206},{"file":"Sums.v","status":"M","additions":150,"deletions":206}]},{"hash":"478aac1285a2a40b1378fa35f6bbd7227b16ce31","author":"serpyc@0cf17b13-060f-0410-b1b1-c666bec9822a","committer":"","date":"2008-07-30T13:09:12+00:00","message":"Sauvergarde des bench.log","body":"git-svn-id: svn://scm.gforge.inria.fr/svnroot/coq-contribs/trunk@829 0cf17b13-060f-0410-b1b1-c666bec9822a\n","diff":[{"file":"bench.log","status":"M","additions":36,"deletions":0}]},{"hash":"a2ebce23ba1ea870428ae89308befb7798d1d324","author":"serpyc@0cf17b13-060f-0410-b1b1-c666bec9822a","committer":"","date":"2008-06-17T13:38:56+00:00","message":"Sauvegarde des bench.log","body":"git-svn-id: svn://scm.gforge.inria.fr/svnroot/coq-contribs/trunk@809 0cf17b13-060f-0410-b1b1-c666bec9822a\n","diff":[{"file":"bench.log","status":"M","additions":75,"deletions":0}]},{"hash":"776d527328202a7554c5abe4ba92878f4ea3b727","author":"notin@0cf17b13-060f-0410-b1b1-c666bec9822a","committer":"","date":"2008-04-22T17:12:51+00:00","message":"Ajout d'un champ Category dans les fichiers description","body":"git-svn-id: svn://scm.gforge.inria.fr/svnroot/coq-contribs/trunk@776 0cf17b13-060f-0410-b1b1-c666bec9822a\n","diff":[{"file":"description","status":"M","additions":1,"deletions":0}]},{"hash":"4bd0d66f0fec47d8e4a89b3cba1f96f96d199580","author":"notin@0cf17b13-060f-0410-b1b1-c666bec9822a","committer":"","date":"2008-04-04T16:33:04+00:00","message":"Harmonisation des noms des contributions: première passe","body":"git-svn-id: svn://scm.gforge.inria.fr/svnroot/coq-contribs/trunk@749 0cf17b13-060f-0410-b1b1-c666bec9822a\n","diff":[{"file":"Equipollence.v","status":"A","additions":2474,"deletions":0},{"file":"Functions.v","status":"A","additions":2474,"deletions":0},{"file":"LICENSE","status":"A","additions":2474,"deletions":0},{"file":"Make","status":"A","additions":2474,"deletions":0},{"file":"Makefile","status":"A","additions":2474,"deletions":0},{"file":"Schroeder.v","status":"A","additions":2474,"deletions":0},{"file":"Setminus_fact.v","status":"A","additions":2474,"deletions":0},{"file":"Sums.v","status":"A","additions":2474,"deletions":0},{"file":"bench.log","status":"A","additions":2474,"deletions":0},{"file":"description","status":"A","additions":2474,"deletions":0}]}]