[{"hash":"36117f6754d7d6c2a5fbb43bda89c2530b61b78f","author":"madiot@gmail.com","committer":"","date":"2022-12-21T13:19:43+02:00","message":"more stats, more info on 59, 62 (FormalML), and on 73, 83, 88","body":"","diff":[{"file":"gen.js","status":"M","additions":142,"deletions":1},{"file":"index.html","status":"M","additions":142,"deletions":1},{"file":"statements.yml","status":"M","additions":142,"deletions":1},{"file":"template.html","status":"M","additions":142,"deletions":1}]},{"hash":"4ba0c40dab2809974abf9de3a27d7f6df5de6dd2","author":"madiot@gmail.com","committer":"","date":"2022-12-13T14:43:14+01:00","message":"constructiveness and reproducibility info for most statements","body":"","diff":[{"file":"def.css","status":"M","additions":1398,"deletions":371},{"file":"gen.js","status":"M","additions":1398,"deletions":371},{"file":"inclusionexclusion.v","status":"M","additions":1398,"deletions":371},{"file":"index.html","status":"M","additions":1398,"deletions":371},{"file":"statements.yml","status":"M","additions":1398,"deletions":371},{"file":"template.html","status":"M","additions":1398,"deletions":371}]},{"hash":"4fc2e9aaeb9ee2dfadf4f9b05a44edea7ff12452","author":"madiot@gmail.com","committer":"","date":"2022-12-09T22:41:49+01:00","message":"updated N. Courant's name","body":"","diff":[{"file":"index.html","status":"M","additions":2,"deletions":2},{"file":"statements.yml","status":"M","additions":2,"deletions":2}]},{"hash":"f3f9cd17a03894031dd908f9131afdc4b797c5cb","author":"madiot@gmail.com","committer":"","date":"2022-12-08T18:26:16+01:00","message":"separate HTML and content","body":"","diff":[{"file":"def.css","status":"A","additions":2424,"deletions":1170},{"file":"existing_proofs.yml","status":"A","additions":2424,"deletions":1170},{"file":"gen.js","status":"A","additions":2424,"deletions":1170},{"file":"index.html","status":"A","additions":2424,"deletions":1170},{"file":"statements.yml","status":"A","additions":2424,"deletions":1170},{"file":"template.html","status":"A","additions":2424,"deletions":1170},{"file":"theorems.yml","status":"A","additions":2424,"deletions":1170},{"file":"update_existing_proof_data.js","status":"A","additions":2424,"deletions":1170}]},{"hash":"60685f874be92c2746e3f2075035204647cc799c","author":"madiot@gmail.com","committer":"","date":"2022-12-02T17:50:04+01:00","message":"updating links and existing proofs (isabelle+=1, lean+=4, coq+=1)","body":"","diff":[{"file":"index.html","status":"M","additions":8,"deletions":8}]},{"hash":"fa115dcce85b4543ef246176925e64d44c8d63e3","author":"madiot@gmail.com","committer":"noreply@github.com","date":"2022-11-27T07:55:52+01:00","message":"Merge pull request #34 from coq-community/fix-goedel-bertrand","body":"update locations of goedel and bertrand","diff":[]},{"hash":"ed320e252bdb29607f75289b6a5b5214532c9108","author":"madiot@gmail.com","committer":"noreply@github.com","date":"2022-11-27T07:55:35+01:00","message":"Merge pull request #35 from coq-community/update-ci-boilerlate","body":"update CI with Coq 8.15 and 8.16, only use lower bound for Coq","diff":[]},{"hash":"4451e3fc5ca6cbf7461f10b048155a36aa9b9533","author":"palmskog@gmail.com","committer":"palmskog@gmail.com","date":"2022-11-26T15:51:53+01:00","message":"update CI with Coq 8.15 and 8.16, only use lower bound for Coq","body":"","diff":[{"file":".github/workflows/docker-action.yml","status":"M","additions":8,"deletions":3},{"file":"coq-coq-100-theorems.opam","status":"M","additions":8,"deletions":3},{"file":"meta.yml","status":"M","additions":8,"deletions":3}]},{"hash":"adcf36bbe4f0900a0c425298c00ba1a4d249d9ec","author":"palmskog@gmail.com","committer":"palmskog@gmail.com","date":"2022-11-26T15:35:29+01:00","message":"update locations of goedel and bertrand","body":"","diff":[{"file":"index.html","status":"M","additions":3,"deletions":3}]},{"hash":"42c356ac78f7a843c3aa48296dcabb71025b1894","author":"madiot@gmail.com","committer":"","date":"2022-11-25T16:04:59+01:00","message":"fixing CI error for coq's current dev version","body":"","diff":[{"file":"cardan_ferrari.v","status":"M","additions":15,"deletions":31}]},{"hash":"25bc32533eb4a69353d0b0fc007ba398db65aa51","author":"madiot@gmail.com","committer":"noreply@github.com","date":"2022-11-25T14:22:10+01:00","message":"Merge pull request #33 from aleloi/master","body":"Add proof of 83, Friendship Theorem.","diff":[]},{"hash":"1b4bf2fa8b275762ecab0b9b4b0caf18a74324f8","author":"alexandreloiko@gmail.com","committer":"alexandreloiko@gmail.com","date":"2022-08-05T16:42:17+02:00","message":"Add proof of 83, Friendship Theorem.","body":"","diff":[{"file":"index.html","status":"M","additions":10,"deletions":3}]},{"hash":"974c18705970b628143b611dc081f57a2432ba53","author":"madiot@gmail.com","committer":"","date":"2022-07-06T14:19:48+02:00","message":"list of existing proofs easier to read in html source","body":"","diff":[{"file":"index.html","status":"M","additions":114,"deletions":3}]},{"hash":"5940c9f28b4aa081a36480bfdbf307d25e7d4faa","author":"madiot@gmail.com","committer":"noreply@github.com","date":"2022-07-06T13:45:50+02:00","message":"Merge pull request #32 from shinnar/formalml","body":"Add proof of 59 and 62 by Avraham Shinnar and Barry Trager","diff":[]},{"hash":"7016a7c2a2cb3cc61362ba74782078ba3838d1f1","author":"shinnar@us.ibm.com","committer":"shinnar@us.ibm.com","date":"2022-06-22T08:25:29-04:00","message":"Add proof of 59 and 62 by Avraham Shinnar and Barry Trager","body":"","diff":[{"file":"index.html","status":"M","additions":76,"deletions":4}]},{"hash":"7c829d9965170086b592e3a3e6396e6439b90b46","author":"madiot@gmail.com","committer":"","date":"2022-05-31T17:49:22+02:00","message":"Raul->Raül","body":"","diff":[{"file":"index.html","status":"M","additions":1,"deletions":1}]},{"hash":"828b91022d3e63412b9a020ed78e5a56f04c3bb1","author":"madiot@gmail.com","committer":"","date":"2022-05-30T18:06:21+02:00","message":"70. The Perfect Number Theorem, by Raul Espejo Boix","body":"","diff":[{"file":"index.html","status":"M","additions":9,"deletions":2}]},{"hash":"17fc2d8106673bc2b747520a44064da0ce47b9d8","author":"madiot@gmail.com","committer":"","date":"2022-04-21T18:19:25+02:00","message":"added statements for #86. Lebesgue Measure and Integration","body":"first formalization by Sylvie Boldo, François Clément, Florian Faissole, Vincent Martin, Micaela Mayero, Houda Mouhcine\nsecond formalization by Reynald Affeldt and Cyril Cohen\n","diff":[{"file":"index.html","status":"M","additions":57,"deletions":3}]},{"hash":"37d8e8f21a78e827ab03c6ec0bcf00be524d38d5","author":"palmskog@gmail.com","committer":"noreply@github.com","date":"2021-12-26T12:48:18+01:00","message":"Merge pull request #31 from coq-community/nat-deprecations","body":"backwards-compatible fixes of deprecations in recent Coq","diff":[]},{"hash":"76451785cf120e7026b8aae15552a906c877afb2","author":"palmskog@gmail.com","committer":"palmskog@gmail.com","date":"2021-12-26T12:34:00+01:00","message":"backwards-compatible fixes of deprecations in recent Coq","body":"","diff":[{"file":"_CoqProject","status":"M","additions":17,"deletions":19},{"file":"ballot.v","status":"M","additions":17,"deletions":19},{"file":"birthday.v","status":"M","additions":17,"deletions":19},{"file":"coq-coq-100-theorems.opam","status":"M","additions":17,"deletions":19},{"file":"dune","status":"M","additions":17,"deletions":19},{"file":"meta.yml","status":"M","additions":17,"deletions":19},{"file":"sumkthpowers.v","status":"M","additions":17,"deletions":19}]},{"hash":"fdddb7c368aed5928861397573e2552a2d7ab291","author":"palmskog@gmail.com","committer":"noreply@github.com","date":"2021-12-26T10:27:32+01:00","message":"Merge pull request #30 from coq-community/lindemann-refs","body":"consistent references to Lindemann repo for transcendence","diff":[]},{"hash":"ad492593ddc325b7dd45ba3e80468ad7233b6d31","author":"palmskog@gmail.com","committer":"palmskog@gmail.com","date":"2021-12-25T22:39:38+01:00","message":"consistent references to Lindemann repo for transcendence","body":"","diff":[{"file":"index.html","status":"M","additions":14,"deletions":11}]},{"hash":"391a281ed577e92895c5a8bdd47e1e043f89e683","author":"palmskog@gmail.com","committer":"noreply@github.com","date":"2021-11-15T11:37:00+01:00","message":"Merge pull request #29 from coq-community/feuerbach-nsatz","body":"update Feuerbach reference and authors","diff":[]},{"hash":"edfea3eeffbf2197fc9ae6a160f880719e3f5c39","author":"palmskog@gmail.com","committer":"noreply@github.com","date":"2021-11-15T11:28:33+01:00","message":"Merge pull request #28 from coq-community/refresh-ci","body":"refresh ci configuration for 8.14, remove old boilerplate","diff":[]},{"hash":"b944946f9c2cb406d70dc38e8eac87c561ea8279","author":"palmskog@gmail.com","committer":"palmskog@gmail.com","date":"2021-11-05T09:50:07+01:00","message":"update reference to product of segments of chords","body":"","diff":[{"file":"index.html","status":"M","additions":2,"deletions":5}]},{"hash":"8d2af10a1fb0e59622ae42d55901372df8d6084a","author":"palmskog@gmail.com","committer":"palmskog@gmail.com","date":"2021-11-04T18:35:26+01:00","message":"update Feuerbach reference and authors","body":"","diff":[{"file":"index.html","status":"M","additions":6,"deletions":6}]},{"hash":"268f0c59bcfde94b7856ff42c6879d49dd5b4c63","author":"palmskog@gmail.com","committer":"palmskog@gmail.com","date":"2021-11-03T11:34:00+01:00","message":"refresh ci configuration for 8.14, remove old boilerplate","body":"","diff":[{"file":".github/workflows/coq-ci.yml","status":"D","additions":5,"deletions":32},{"file":"coq-coq-100-theorems.opam","status":"D","additions":5,"deletions":32},{"file":"default.nix","status":"D","additions":5,"deletions":32},{"file":"meta.yml","status":"D","additions":5,"deletions":32}]},{"hash":"b48adb9c8122bf12bfa92ae0ce39b7c469cba6dc","author":"madiot@gmail.com","committer":"noreply@github.com","date":"2021-08-17T16:24:52+02:00","message":"Merge pull request #27 from coq-community/fix-coq-community","body":"Fix coq-community references","diff":[]},{"hash":"75709e68856a8f19a24462970c6c9e4eedc51c48","author":"palmskog@gmail.com","committer":"palmskog@gmail.com","date":"2021-08-11T00:43:19+02:00","message":"fix all high school geometry references","body":"","diff":[{"file":"index.html","status":"M","additions":6,"deletions":6}]},{"hash":"4a170738c7396827042c5bc52c4fb23b2c423c51","author":"palmskog@gmail.com","committer":"palmskog@gmail.com","date":"2021-08-11T00:07:52+02:00","message":"fix a reference to zorns-lemma","body":"","diff":[{"file":"index.html","status":"M","additions":1,"deletions":1}]},{"hash":"c35dee07894d72f3fb90cf4d5a317b7af2ed62d5","author":"palmskog@gmail.com","committer":"palmskog@gmail.com","date":"2021-08-11T00:00:06+02:00","message":"consistent Abel reference","body":"","diff":[{"file":"index.html","status":"M","additions":1,"deletions":1}]},{"hash":"70aad1d0b841e00fd4ed06e556f2700c5ffe2035","author":"palmskog@gmail.com","committer":"palmskog@gmail.com","date":"2021-08-10T23:55:34+02:00","message":"fix references to goedel incompleteness","body":"","diff":[{"file":"index.html","status":"M","additions":3,"deletions":4}]},{"hash":"a0c045a85e95d526ef04ee65159078689f370a27","author":"palmskog@gmail.com","committer":"palmskog@gmail.com","date":"2021-08-10T22:54:16+02:00","message":"update statements and links for denumerable Q and Pythagorean theorem","body":"","diff":[{"file":"index.html","status":"M","additions":8,"deletions":10}]},{"hash":"65c0ab9317c210298ede88aa34bf75b9b721f96b","author":"madiot@gmail.com","committer":"","date":"2021-01-14T17:41:56+01:00","message":"updated links after repo renaming","body":"","diff":[{"file":"index.html","status":"M","additions":12,"deletions":12}]},{"hash":"a55ea2d6f34e18de25bdc89cd98ea372a771e1a5","author":"madiot@gmail.com","committer":"noreply@github.com","date":"2021-01-14T17:38:09+01:00","message":"Merge pull request #26 from coq-community/renaming-repo","body":"Metadata update after repo renaming","diff":[]},{"hash":"e430a89c3b5b15f59af5f49fa645e84e414ff86e","author":"palmskog@gmail.com","committer":"palmskog@gmail.com","date":"2021-01-14T17:32:00+01:00","message":"logpath becomes Coq100Theorems, update other boilerplate via templates","body":"","diff":[{"file":".github/workflows/coq-ci.yml","status":"M","additions":17,"deletions":11},{"file":"LICENSE","status":"M","additions":17,"deletions":11},{"file":"README.md","status":"M","additions":17,"deletions":11},{"file":"_CoqProject","status":"M","additions":17,"deletions":11},{"file":"coq-coq-100-theorems.opam","status":"M","additions":17,"deletions":11},{"file":"default.nix","status":"M","additions":17,"deletions":11},{"file":"dune","status":"M","additions":17,"deletions":11},{"file":"dune-project","status":"M","additions":17,"deletions":11},{"file":"meta.yml","status":"M","additions":17,"deletions":11}]},{"hash":"5a725b360fee81767c956909228cc93c5193a602","author":"madiot@gmail.com","committer":"","date":"2021-01-14T17:21:11+01:00","message":"start renaming to coq-100-theorems, missing some files","body":"","diff":[{"file":"README.md","status":"M","additions":14,"deletions":14},{"file":"_CoqProject","status":"M","additions":14,"deletions":14},{"file":"coq-coq100.opam","status":"M","additions":14,"deletions":14},{"file":"meta.yml","status":"M","additions":14,"deletions":14}]},{"hash":"961efda9319a1c4746392312019ec6e7aac0cdf5","author":"madiot@gmail.com","committer":"noreply@github.com","date":"2021-01-14T12:39:33+01:00","message":"Merge pull request #25 from coq-community/more-precise-location-for-item-16","body":"Permalink to a more precise location for item 16?","diff":[]},{"hash":"4074bd7dcebc6a7424d99b23d6f7c0a026e3dd19","author":"CohenCyril@users.noreply.github.com","committer":"noreply@github.com","date":"2021-01-14T12:37:30+01:00","message":"Permalink to a more precise location?","body":"","diff":[{"file":"index.html","status":"M","additions":1,"deletions":1}]},{"hash":"1044d083d721a92048cbc928bdbb65d782b2f7c9","author":"madiot@gmail.com","committer":"","date":"2021-01-14T12:11:17+01:00","message":"prettier notations for #16","body":"","diff":[{"file":"index.html","status":"M","additions":1,"deletions":1}]},{"hash":"6362b501aa9af0b320b139baf6cf1f59764eba6a","author":"madiot@gmail.com","committer":"noreply@github.com","date":"2021-01-14T11:59:28+01:00","message":"Merge pull request #22 from FabianWolff/master","body":"Add formalization of problem 88","diff":[]},{"hash":"5267ed0087bebf1b73a74475ac819ff13eea9c0f","author":"madiot@gmail.com","committer":"","date":"2021-01-14T11:19:09+01:00","message":"added statement for #16 (insolvability of general higher degree equations)","body":"","diff":[{"file":"index.html","status":"M","additions":8,"deletions":2}]},{"hash":"9e9fe08795a5fa0bf05457569cb13eb536f870ff","author":"madiot@gmail.com","committer":"noreply@github.com","date":"2021-01-04T11:38:37+01:00","message":"Merge pull request #23 from coq-community/ci-8.13","body":"add compatibility with Coq 8.13, update CI boilerplate","diff":[]},{"hash":"8f96bc722b81ee35e973e3ef11212bf84a4c078d","author":"palmskog@gmail.com","committer":"palmskog@gmail.com","date":"2021-01-02T15:51:21+01:00","message":"add compatibility with Coq 8.13, update CI boilerplate","body":"","diff":[{"file":".github/workflows/coq-ci.yml","status":"M","additions":17,"deletions":6},{"file":"README.md","status":"M","additions":17,"deletions":6},{"file":"coq-coq100.opam","status":"M","additions":17,"deletions":6},{"file":"meta.yml","status":"M","additions":17,"deletions":6}]},{"hash":"875e706642a1d0d60487a17de50b59aff005acfe","author":"fabi.wolff@arcor.de","committer":"fabi.wolff@arcor.de","date":"2020-12-22T15:36:13+01:00","message":"Add formalization of problem 88","body":"","diff":[{"file":"index.html","status":"M","additions":9,"deletions":2}]},{"hash":"469e8351697542e4077bbef31ff5a39794b0b801","author":"madiot@gmail.com","committer":"noreply@github.com","date":"2020-11-24T13:55:00+01:00","message":"Merge pull request #21 from coq-community/github-actions","body":"Switch to GitHub Actions for CI","diff":[]},{"hash":"6692411d359328314dd87f6cb6bbebfd6565b21b","author":"palmskog@gmail.com","committer":"palmskog@gmail.com","date":"2020-11-23T02:11:25+01:00","message":"switch to GitHub Actions CI","body":"","diff":[{"file":".github/workflows/coq-ci.yml","status":"D","additions":39,"deletions":74},{"file":".travis.yml","status":"D","additions":39,"deletions":74},{"file":"README.md","status":"D","additions":39,"deletions":74},{"file":"meta.yml","status":"D","additions":39,"deletions":74}]},{"hash":"73912fca66e7bb69003fe0a69e1d10d8e427b627","author":"palmskog@gmail.com","committer":"palmskog@gmail.com","date":"2020-10-20T07:27:55+02:00","message":"move documentation to meta.yml","body":"","diff":[{"file":"README.md","status":"M","additions":26,"deletions":11},{"file":"meta.yml","status":"M","additions":26,"deletions":11}]},{"hash":"c4ee0f015c0ecd7b7498e1cb90badc6fe90e1b4d","author":"madiot@gmail.com","committer":"noreply@github.com","date":"2020-10-23T10:46:33+02:00","message":"Merge pull request #20 from coq-community/fix-contribs-other","body":"fix contrib references, and some other obsolete links","diff":[]},{"hash":"0043d9a00b14a659f717ea7061befdc6a839492d","author":"palmskog@gmail.com","committer":"palmskog@gmail.com","date":"2020-10-20T08:49:25+02:00","message":"fix contrib references, and some other obsolete links","body":"","diff":[{"file":"index.html","status":"M","additions":32,"deletions":33}]},{"hash":"3060845cae2faa042983e6134e3562154968ad3f","author":"madiot@gmail.com","committer":"noreply@github.com","date":"2020-10-21T22:45:02+02:00","message":"Merge pull request #19 from coq-community/fix-local","body":"make all coq100 solutions refer to GitHub","diff":[]},{"hash":"3b1040453c80a9f3c8359c7260043a8b065c6ec1","author":"palmskog@gmail.com","committer":"palmskog@gmail.com","date":"2020-10-20T07:46:21+02:00","message":"make all coq100 solutions refer to GitHub","body":"","diff":[{"file":"index.html","status":"M","additions":9,"deletions":13}]},{"hash":"946bcdfdfd063f1b7ecab6feb7509eb4f11467dc","author":"madiot@gmail.com","committer":"noreply@github.com","date":"2020-10-20T19:16:47+02:00","message":"Merge pull request #18 from coq-community/fix-coqtail","body":"fix all Coqtail references","diff":[]},{"hash":"5d544d9ab80c7e36c39bacb9249a5d2152951cc6","author":"palmskog@gmail.com","committer":"palmskog@gmail.com","date":"2020-10-20T08:13:27+02:00","message":"fix all Coqtail references","body":"","diff":[{"file":"index.html","status":"M","additions":10,"deletions":11}]},{"hash":"196ae38af881c7c4caa65fce36b1cd7de5b37304","author":"madiot@gmail.com","committer":"noreply@github.com","date":"2020-10-13T12:58:22+02:00","message":"Merge pull request #17 from coq-community/fix-corn","body":"fix URLs for all C-CoRN references","diff":[]},{"hash":"a39f700ee46722c0ee79a10ddecc194263e57925","author":"palmskog@gmail.com","committer":"palmskog@gmail.com","date":"2020-10-13T12:46:02+02:00","message":"fix URLs all C-CoRN references","body":"","diff":[{"file":"index.html","status":"M","additions":8,"deletions":8}]},{"hash":"b32183c454cb19ba74514c1e7ef6147a3c3ecd35","author":"madiot@gmail.com","committer":"noreply@github.com","date":"2020-10-12T11:47:59+02:00","message":"Merge pull request #16 from coq-community/fix-qarith-bertrand","body":"fix references to qarith-stern-brocot and bertrand","diff":[]},{"hash":"c3261a0500aa89ebb75c2cf891302c8d6c963f72","author":"palmskog@gmail.com","committer":"palmskog@gmail.com","date":"2020-10-11T01:10:37+02:00","message":"fix references to qarith-stern-brocot and bertrand","body":"","diff":[{"file":"index.html","status":"M","additions":9,"deletions":8}]},{"hash":"72ad5559a87069e8150ee3c044d32454ee0575c3","author":"madiot@gmail.com","committer":"noreply@github.com","date":"2020-09-14T10:08:04+02:00","message":"Merge pull request #14 from coq-community/ptolemy-link","body":"Add link to Ptolemy's theorem","diff":[]},{"hash":"4a8efa3d1bcade14f667a3e7befc993949346b97","author":"palmskog@gmail.com","committer":"palmskog@gmail.com","date":"2020-09-12T04:54:38-05:00","message":"HighSchoolGeometry repository has moved to coq-community","body":"","diff":[{"file":"index.html","status":"M","additions":6,"deletions":6}]},{"hash":"0d71dc29cce4dea3537c452c64f39b229be4bac4","author":"palmskog@gmail.com","committer":"palmskog@gmail.com","date":"2020-09-12T04:52:05-05:00","message":"fix Ptolemy's theorem statement and link","body":"","diff":[{"file":"index.html","status":"M","additions":10,"deletions":6}]},{"hash":"f0b56eb743efd101359ed6899ef15d62b2523bbf","author":"madiot@gmail.com","committer":"noreply@github.com","date":"2020-09-08T12:24:18+02:00","message":"Merge pull request #13 from fredericchardard/master","body":"Copyright notice update for cardan_ferrari.v","diff":[]},{"hash":"096fb7496e4845b38d661e84231f346fbcb176e5","author":"38627422+fredericchardard@users.noreply.github.com","committer":"noreply@github.com","date":"2020-09-07T16:21:58+02:00","message":"Copyright notice update for cardan_ferrari.v","body":"Also a few simplifications.","diff":[{"file":"cardan_ferrari.v","status":"M","additions":55,"deletions":75}]},{"hash":"8c3bf0c864f1afbc10d8beea2ee6a94dc18d5044","author":"madiot@gmail.com","committer":"noreply@github.com","date":"2020-09-07T15:42:48+02:00","message":"Merge pull request #12 from fredericchardard/master","body":"Formalization of result 46 and update of result 37","diff":[]},{"hash":"57eedd936ddb194908066da24c385c53b8f6b428","author":"38627422+fredericchardard@users.noreply.github.com","committer":"noreply@github.com","date":"2020-09-04T13:27:53+02:00","message":"Update index.html","body":"Fix a link to cardan_ferrari.html\r\nChange class attribute of \"h3\" to \"formalized\" for problem 46.","diff":[{"file":"index.html","status":"M","additions":2,"deletions":2}]},{"hash":"3d6860fde510c500fefd24642bd76b447d6a4e3d","author":"38627422+fredericchardard@users.noreply.github.com","committer":"noreply@github.com","date":"2020-09-04T11:11:52+02:00","message":"Update README.md","body":"Replace cardan3.v by cardan_ferrari.v.\r\nMention that it also solves the quartic equation.","diff":[{"file":"README.md","status":"M","additions":1,"deletions":1}]},{"hash":"899d314ccb126e79e05a3626c009eb3711cc268a","author":"38627422+fredericchardard@users.noreply.github.com","committer":"noreply@github.com","date":"2020-09-04T11:07:50+02:00","message":"Update _CoqProject","body":"Replace cardan3.v by cardan_ferrari.v","diff":[{"file":"_CoqProject","status":"M","additions":1,"deletions":1}]},{"hash":"83a1576c340780dedf832bb055fbba6d8d8a5b2d","author":"38627422+fredericchardard@users.noreply.github.com","committer":"noreply@github.com","date":"2020-09-04T01:16:52+02:00","message":"Delete cardan3.v","body":"Replaced by cardan_ferrari.v","diff":[{"file":"cardan3.v","status":"D","additions":0,"deletions":1321}]},{"hash":"54e6913d32c6332cf441b66b45c40acc0afedd60","author":"38627422+fredericchardard@users.noreply.github.com","committer":"noreply@github.com","date":"2020-09-04T01:12:51+02:00","message":"Update cardan_ferrari.v","body":"Formalization of problems 37 and 46\r\n(Cubic and quartic equations)","diff":[{"file":"cardan_ferrari.v","status":"M","additions":0,"deletions":1}]},{"hash":"6782c1c7758bdd604d78157f94aa7101fec12450","author":"38627422+fredericchardard@users.noreply.github.com","committer":"noreply@github.com","date":"2020-09-04T01:11:10+02:00","message":"Update LICENSE","body":"Mentioned file changed (cardan_ferrari.v instead of cardan3.v).","diff":[{"file":"LICENSE","status":"M","additions":1,"deletions":1}]},{"hash":"7c585fa1c199488ff8b47eaf4975f6ad675d0667","author":"38627422+fredericchardard@users.noreply.github.com","committer":"noreply@github.com","date":"2020-09-04T01:08:36+02:00","message":"Update index.html","body":"*New version of problem 37 (Cardan-Tartaglia formula)\r\n*New formalisation of problem 46 (Ferrari method for quartic equations.","diff":[{"file":"index.html","status":"M","additions":46,"deletions":24}]},{"hash":"a7c9aafcade06c73763376e047498b6b80f7bbb4","author":"38627422+fredericchardard@users.noreply.github.com","committer":"noreply@github.com","date":"2020-09-04T00:53:10+02:00","message":"Add files via upload","body":"","diff":[{"file":"cardan_ferrari.v","status":"A","additions":1203,"deletions":0}]},{"hash":"c3abd7caa6f8827b347c62192bcb0940a59e79e7","author":"madiot@gmail.com","committer":"noreply@github.com","date":"2020-09-01T18:25:01+02:00","message":"README.md now mentions the proofs on the repo","body":"and also a link for each proof to describe what the theorems are, since there is no other description","diff":[{"file":"README.md","status":"M","additions":11,"deletions":0}]},{"hash":"5fe4114c6376d86c0645f742df15db86b24cad56","author":"madiot@gmail.com","committer":"noreply@github.com","date":"2020-09-01T16:47:00+02:00","message":"Merge pull request #10 from coq-community/fix-deprecations","body":"fix all deprecations on 8.12, including changing from omega to lia","diff":[]},{"hash":"e6a14623bcf99fada01033785c5c5cd650c2b277","author":"madiot@gmail.com","committer":"","date":"2020-09-01T16:36:09+02:00","message":"fixed admits in lemma cosarg","body":"","diff":[{"file":"cardan3.v","status":"M","additions":3,"deletions":4}]},{"hash":"2e605a3b01c787b69f862ce596d607809e52eead","author":"palmskog@gmail.com","committer":"palmskog@gmail.com","date":"2020-09-01T09:14:34-05:00","message":"fix all deprecations on 8.12, including changing from omega to lia","body":"","diff":[{"file":"ballot.v","status":"M","additions":209,"deletions":209},{"file":"birthday.v","status":"M","additions":209,"deletions":209},{"file":"cardan3.v","status":"M","additions":209,"deletions":209},{"file":"inclusionexclusion.v","status":"M","additions":209,"deletions":209},{"file":"mean.v","status":"M","additions":209,"deletions":209},{"file":"pigeonhole.v","status":"M","additions":209,"deletions":209},{"file":"sumkthpowers.v","status":"M","additions":209,"deletions":209}]},{"hash":"5e5348e590d3d01a1f832c2c5f0aa6824bf09472","author":"madiot@gmail.com","committer":"noreply@github.com","date":"2020-09-01T11:41:32+02:00","message":"Merge pull request #7 from coq-community/add-metadata","body":"add metadata and generate boilerplate","diff":[]},{"hash":"bc66ed60a540e16ee8060153f6eba2b1bd722323","author":"palmskog@gmail.com","committer":"palmskog@gmail.com","date":"2020-08-31T16:02:41-05:00","message":"add metadata and generate boilerplate","body":"","diff":[{"file":".travis.yml","status":"A","additions":258,"deletions":1},{"file":"README.md","status":"A","additions":258,"deletions":1},{"file":"coq-coq100.opam","status":"A","additions":258,"deletions":1},{"file":"default.nix","status":"A","additions":258,"deletions":1},{"file":"dune","status":"A","additions":258,"deletions":1},{"file":"dune-project","status":"A","additions":258,"deletions":1},{"file":"meta.yml","status":"A","additions":258,"deletions":1}]},{"hash":"dc39481a16ead1057dfed71c71a5eccfaaeb8039","author":"madiot@gmail.com","committer":"noreply@github.com","date":"2020-08-31T23:25:28+02:00","message":"Merge pull request #6 from coq-community/coqproject-build","body":"add _CoqProject and standard delegating Makefile","diff":[]},{"hash":"9924f935b38380a5f46d1527e54de670470ebb73","author":"palmskog@gmail.com","committer":"palmskog@gmail.com","date":"2020-08-31T15:00:32-05:00","message":"add _CoqProject and standard delegating Makefile","body":"","diff":[{"file":".gitignore","status":"A","additions":27,"deletions":6},{"file":"Makefile","status":"A","additions":27,"deletions":6},{"file":"_CoqProject","status":"A","additions":27,"deletions":6}]},{"hash":"e16e220ce3bee70fc90dbcdb58db9268bd3666d0","author":"madiot@gmail.com","committer":"","date":"2020-08-31T19:15:13+02:00","message":"typo in counting formalized proofs, updated list of other formalizations","body":"","diff":[{"file":"index.html","status":"M","additions":2,"deletions":3}]},{"hash":"00130b99c2640f655a9353d8b2121d85211b49d1","author":"madiot@gmail.com","committer":"","date":"2020-08-31T18:58:14+02:00","message":"added MIT license","body":"","diff":[{"file":"LICENSE","status":"A","additions":244,"deletions":17},{"file":"ballot.v","status":"A","additions":244,"deletions":17},{"file":"birthday.v","status":"A","additions":244,"deletions":17},{"file":"cardan3.v","status":"A","additions":244,"deletions":17},{"file":"div3.v","status":"A","additions":244,"deletions":17},{"file":"inclusionexclusion.v","status":"A","additions":244,"deletions":17},{"file":"konigsberg_bridges.v","status":"A","additions":244,"deletions":17},{"file":"mean.v","status":"A","additions":244,"deletions":17},{"file":"pigeonhole.v","status":"A","additions":244,"deletions":17},{"file":"sumarith.v","status":"A","additions":244,"deletions":17}]},{"hash":"b86b085e025c08e917a947c68fdc02ae86b02395","author":"madiot@gmail.com","committer":"","date":"2020-08-31T18:54:06+02:00","message":"garbage collection of sqrt2.v","body":"","diff":[{"file":"sqrt2.v","status":"D","additions":0,"deletions":565}]},{"hash":"0ba2df577964818e65a5a49c09aec0b7d8472cb0","author":"madiot@gmail.com","committer":"","date":"2020-08-31T18:51:51+02:00","message":"added #77 (sum of kth powers) by f. chardard","body":"","diff":[{"file":"index.html","status":"A","additions":294,"deletions":2},{"file":"sumkthpowers.v","status":"A","additions":294,"deletions":2}]},{"hash":"2fba549474f8bc4a08df5d6c34d78cdb7e3a6704","author":"madiot@gmail.com","committer":"","date":"2020-08-30T12:01:33+02:00","message":"gitignore","body":"","diff":[{"file":".gitignore","status":"A","additions":44,"deletions":0}]},{"hash":"2e95fd214a510fb63af25d653d471610bc9463a5","author":"madiot@gmail.com","committer":"","date":"2020-08-30T11:57:35+02:00","message":"better make clean","body":"","diff":[{"file":"Makefile","status":"M","additions":1,"deletions":1}]},{"hash":"51304523b31a733562341b50437524ac46ab5762","author":"madiot@gmail.com","committer":"","date":"2020-08-30T11:57:20+02:00","message":"made labels clickable","body":"","diff":[{"file":"index.html","status":"M","additions":3,"deletions":3}]},{"hash":"3b784678474bbc7ecae3eb1229b856ee41b9f3c5","author":"madiot@gmail.com","committer":"","date":"2020-08-30T11:15:41+02:00","message":"updated licence for wilson's theorem's first proof","body":"","diff":[{"file":"index.html","status":"M","additions":3,"deletions":5}]},{"hash":"2b9c2c094c2d750792abfae3799d70bcec17c70d","author":"madiot@gmail.com","committer":"","date":"2020-01-07T19:05:06+01:00","message":"other button","body":"","diff":[{"file":"def.css","status":"M","additions":25,"deletions":3},{"file":"index.html","status":"M","additions":25,"deletions":3}]},{"hash":"46b0d2091e117602996b3f3d08f7b7963940fb08","author":"madiot@gmail.com","committer":"","date":"2020-01-07T18:10:14+01:00","message":"fixed the last bunch of dead links (for now)","body":"","diff":[{"file":"index.html","status":"M","additions":19,"deletions":15}]},{"hash":"06d26847a52aad2e2a814736656fad83a5fd09a9","author":"madiot@gmail.com","committer":"","date":"2020-01-07T17:32:26+01:00","message":"fixing most www.lix.polytechnique.fr links (to github contribs)","body":"","diff":[{"file":"index.html","status":"M","additions":9,"deletions":8}]},{"hash":"a2146ea4dc682a0d46ccb6e73af8868d1201e75d","author":"madiot@gmail.com","committer":"","date":"2020-01-07T17:15:45+01:00","message":"fixed HighSchoolGeometry links","body":"","diff":[{"file":"index.html","status":"M","additions":6,"deletions":7}]},{"hash":"7bd319fd61a58ceb665079137b05283e84e48b28","author":"madiot@gmail.com","committer":"","date":"2020-01-07T16:44:32+01:00","message":"slightly more compatible sumarith.v","body":"","diff":[{"file":"sumarith.v","status":"M","additions":3,"deletions":0}]},{"hash":"4f7f8b74a4daab42da1070bfa19a731e70f9e8f1","author":"madiot@gmail.com","committer":"","date":"2020-01-07T16:44:07+01:00","message":"added makefile","body":"","diff":[{"file":"Makefile","status":"A","additions":9,"deletions":0}]},{"hash":"e7854ab0218f80359076b11031547f9d2809e271","author":"madiot@gmail.com","committer":"","date":"2020-01-07T16:02:13+01:00","message":"fixed .v files for newer version of coq","body":"","diff":[{"file":"ballot.v","status":"M","additions":12,"deletions":4},{"file":"mean.v","status":"M","additions":12,"deletions":4},{"file":"sumarith.v","status":"M","additions":12,"deletions":4}]},{"hash":"91622cb596c2a684391fa5db450785ecba54dfd5","author":"madiot@gmail.com","committer":"","date":"2020-01-07T14:58:18+01:00","message":"changed .v file names so that they start with a letter","body":"","diff":[{"file":"37.cardan3.v","status":"M","additions":3,"deletions":3},{"file":"85.div3.v","status":"M","additions":3,"deletions":3},{"file":"index.html","status":"M","additions":3,"deletions":3},{"file":"1.sqrt2.v","status":"M","additions":3,"deletions":3},{"file":"68.sumarith.v","status":"M","additions":3,"deletions":3}]},{"hash":"818b1e97af83101f2a8e469ba14dda4e46d4903e","author":"madiot@gmail.com","committer":"","date":"2020-01-07T14:54:59+01:00","message":"ported pigeonhole to newer coq","body":"","diff":[{"file":"pigeonhole.v","status":"M","additions":10,"deletions":10}]},{"hash":"1c13a20764ab4fc3221f7ef54f249c4a096e2fc4","author":"madiot@gmail.com","committer":"","date":"2020-01-07T14:53:54+01:00","message":"JS to show/hide/count theorems and compare with freek's list","body":"","diff":[{"file":"def.css","status":"M","additions":182,"deletions":189},{"file":"index.html","status":"M","additions":182,"deletions":189}]},{"hash":"467bab2f2840880b23198be81cbcda3d4e7412dc","author":"madiot@gmail.com","committer":"","date":"2020-01-07T11:10:47+01:00","message":"removing pigeonhole statements from ramsey's theorem","body":"","diff":[{"file":"index.html","status":"M","additions":0,"deletions":33}]},{"hash":"36b007f81c6a3e0c29a317d2f1b84507f1db0099","author":"madiot@gmail.com","committer":"","date":"2020-01-07T11:08:18+01:00","message":"fixing/adding links","body":"","diff":[{"file":"index.html","status":"M","additions":6,"deletions":3}]},{"hash":"9e8949db731adf9d7b792054d17b135612e67a2f","author":"madiot@gmail.com","committer":"","date":"2020-01-07T10:33:33+01:00","message":"fixing dead link in statement 7","body":"","diff":[{"file":"def.css","status":"M","additions":18,"deletions":2},{"file":"index.html","status":"M","additions":18,"deletions":2}]},{"hash":"eabd3206d42d212a5085f62dc1218431bdcba296","author":"madiot@gmail.com","committer":"","date":"2018-10-29T18:57:09+01:00","message":"fixed #20 (all primes (1 mod 4) equal the sum of two squares) title and statements","body":"","diff":[{"file":"index.html","status":"M","additions":13,"deletions":10}]},{"hash":"4a22fd1b0a8ca307a66d557cf554691e1f075c49","author":"madiot@gmail.com","committer":"","date":"2018-03-14T15:59:36+01:00","message":"added Frédéric Chardard's proof of theorem #37","body":"","diff":[{"file":"37.cardan3.v","status":"A","additions":1305,"deletions":0}]},{"hash":"e2e0665534e883b81c9607a3c2fd506889e222ae","author":"madiot@gmail.com","committer":"","date":"2018-03-13T11:48:08+01:00","message":"opam packages added for #37","body":"","diff":[{"file":"index.html","status":"M","additions":4,"deletions":0}]},{"hash":"0e46590d6a0cb0c560dd9c79b8dd790920de855c","author":"madiot@gmail.com","committer":"","date":"2018-03-13T11:40:06+01:00","message":"problem 37 solved by Frédéric Chardard","body":"","diff":[{"file":"index.html","status":"M","additions":29,"deletions":2}]},{"hash":"4747da7a91f8bf98db1d92bb91fba8746e75b9e1","author":"madiot@gmail.com","committer":"","date":"2017-09-14T01:30:10+02:00","message":"adding statement and proof for #54 -- konigsberg bridges","body":"","diff":[{"file":"index.html","status":"A","additions":235,"deletions":1},{"file":"konigsberg_bridges.v","status":"A","additions":235,"deletions":1}]},{"hash":"264507b73880ad60d289a95f2755d41c86d5015e","author":"madiot@gmail.com","committer":"","date":"2017-09-13T16:41:20+02:00","message":"adding statement and proof for #30 -- the ballot problem","body":"","diff":[{"file":"ballot.v","status":"A","additions":561,"deletions":1},{"file":"index.html","status":"A","additions":561,"deletions":1}]},{"hash":"b7aa2716fa8f60566baca650e6cc4b9bea32afdc","author":"madiot@gmail.com","committer":"","date":"2017-09-11T20:03:02+02:00","message":"removed useless lemmas","body":"","diff":[{"file":"birthday.v","status":"M","additions":0,"deletions":28}]},{"hash":"430d4cea05806d2c101bcd213922e48815de21fa","author":"madiot@gmail.com","committer":"","date":"2017-09-11T20:00:14+02:00","message":"adding statement and proof for #93 -- the birthday paradox","body":"","diff":[{"file":"birthday.v","status":"A","additions":331,"deletions":1},{"file":"index.html","status":"A","additions":331,"deletions":1}]},{"hash":"0eb6588b86a06357a3a5b8b752ca4c1612b3b996","author":"madiot@gmail.com","committer":"","date":"2017-09-10T21:37:33+02:00","message":"removed superfluous admit here. (file is not linked anyway.)","body":"","diff":[{"file":"1.sqrt2.v","status":"M","additions":3,"deletions":12}]},{"hash":"58751742caac751601c1d8ae991f07aeaee76f8a","author":"madiot@gmail.com","committer":"","date":"2017-09-09T14:00:54+02:00","message":"new statement and proof: 96: principle of inclusion exclusion","body":"","diff":[{"file":"inclusionexclusion.v","status":"A","additions":298,"deletions":1},{"file":"index.html","status":"A","additions":298,"deletions":1}]},{"hash":"93a4763683bbbac3d130c42735a23ddc3daaec3b","author":"madiot@gmail.com","committer":"","date":"2017-07-11T14:31:51+02:00","message":"adding #56 hermite-lindemann, by sophie bernard","body":"","diff":[{"file":"index.html","status":"M","additions":10,"deletions":2}]},{"hash":"b8051ad0644d2e37f1ccd27f71a4a55fdebe29e1","author":"madiot@gmail.com","committer":"noreply@github.com","date":"2017-04-18T11:40:10+02:00","message":"Merge pull request #3 from roglo/patch-1","body":"Added 78: Cauchy-Schwarz Inequality","diff":[]},{"hash":"eab4c08c0a1a620bbc1bbe6b8aa9bc07a07f52c3","author":"deraugla@pps.univ-paris-diderot.fr","committer":"noreply@github.com","date":"2017-04-16T11:19:02+02:00","message":"Added 78: Cauchy-Schwarz Inequality","body":"","diff":[{"file":"index.html","status":"M","additions":13,"deletions":1}]},{"hash":"f361c6b03340633a63c8fba5416922d15cbe0843","author":"madiot@gmail.com","committer":"noreply@github.com","date":"2017-01-25T17:13:54+01:00","message":"Merge pull request #2 from Zimmi48/patch-1","body":"Fix unicode characters and improve statement in Puiseux's theorem statement.","diff":[]},{"hash":"eb158b543472d1d536797e7844174f17f32f7614","author":"theo.zimmi@gmail.com","committer":"noreply@github.com","date":"2017-01-25T17:09:34+01:00","message":"Include section hypotheses in statement of Puiseux' thm.","body":"","diff":[{"file":"index.html","status":"M","additions":5,"deletions":3}]},{"hash":"c091b2ef3a07c26eba7f520831ed01daccb71c85","author":"theo.zimmi@gmail.com","committer":"noreply@github.com","date":"2017-01-25T16:31:37+01:00","message":"Fix unicode characters in Puiseux' theorem statement.","body":"","diff":[{"file":"index.html","status":"M","additions":3,"deletions":3}]},{"hash":"ac4996df67f14ad14361e1cb25ea0d1107b41aaf","author":"madiot@gmail.com","committer":"","date":"2017-01-15T17:27:17+01:00","message":"typo","body":"","diff":[{"file":"index.html","status":"M","additions":2,"deletions":2}]},{"hash":"427fa986554d4ff743b28122f763ea0506c91f9f","author":"madiot@gmail.com","committer":"","date":"2016-08-15T09:50:07-04:00","message":"wording of #38","body":"","diff":[{"file":"index.html","status":"M","additions":16,"deletions":27},{"file":"mean.v","status":"M","additions":16,"deletions":27}]},{"hash":"afdd9bc3c39751586d8d17e21fab953cc93f22a8","author":"madiot@gmail.com","committer":"","date":"2016-08-14T18:21:47-04:00","message":"Arithmetic Mean/Geometric Mean","body":"","diff":[{"file":"index.html","status":"A","additions":520,"deletions":2},{"file":"mean.v","status":"A","additions":520,"deletions":2}]},{"hash":"e82ebfd108828fb8221d44010da4a8613ff28aa0","author":"madiot@gmail.com","committer":"","date":"2016-05-26T18:32:39-04:00","message":"updated wrt geocoq","body":"","diff":[{"file":"index.html","status":"M","additions":3,"deletions":3}]},{"hash":"9e6ba7f9a7b69750b46d99a009d10921e81d104a","author":"madiot@gmail.com","committer":"","date":"2016-05-24T20:45:15+02:00","message":"indentation of #58","body":"","diff":[{"file":"index.html","status":"M","additions":1,"deletions":1}]},{"hash":"1f98ec0a9facb9c2120bb5a32e36cc38edbcf632","author":"madiot@gmail.com","committer":"","date":"2016-05-24T14:32:00-04:00","message":"statement update for 27, links for 26 27 29 31 32 41 49 51 52 55 71 72 (including links to ssreflect and mathcomp's github)","body":"","diff":[{"file":"index.html","status":"M","additions":60,"deletions":44}]},{"hash":"eabda1ea7b542563858889088b4c77c53ade7c88","author":"madiot@gmail.com","committer":"","date":"2016-05-24T14:06:00-04:00","message":"links to c-corn's github","body":"","diff":[{"file":"index.html","status":"M","additions":6,"deletions":6}]},{"hash":"cbbb4d0ac1f3d7274927dad8540f9722517cee56","author":"madiot@gmail.com","committer":"","date":"2016-05-24T13:57:42-04:00","message":"fixed authorship for 52, added links for 1 2 3 10 13 15 20 22 23 25 27 28 44 51 52 60 61 63 68 69","body":"","diff":[{"file":"index.html","status":"M","additions":39,"deletions":39}]},{"hash":"2a4e701e829634fd46437b6f7c3f3f437edae69b","author":"madiot@gmail.com","committer":"","date":"2016-05-24T13:02:41-04:00","message":"58. Formula for the Number of Combinations","body":"","diff":[{"file":"index.html","status":"M","additions":8,"deletions":6}]},{"hash":"eae51933147e6b239c42e89e88503d852abda8f1","author":"madiot@gmail.com","committer":"","date":"2016-05-24T12:20:58-04:00","message":"switched to decent encoding; links for goedel's incompleteness theorems","body":"","diff":[{"file":"def.css","status":"M","additions":1586,"deletions":1588},{"file":"index.html","status":"M","additions":1586,"deletions":1588}]},{"hash":"f0c534d926d2ee71921639ed37f01cbef522928d","author":"madiot@gmail.com","committer":"","date":"2016-05-24T17:40:16+02:00","message":"big update -- links for 14 17 18 19 22 27 65 73 74 79 80 87 91 94 95 97 98, new statements for 27 34 42 57 64 84 89","body":"","diff":[{"file":"index.html","status":"M","additions":293,"deletions":214}]},{"hash":"20e4275a199711023e010c5b918efa72497a7234","author":"madiot@gmail.com","committer":"","date":"2016-05-24T17:29:02+02:00","message":"style","body":"","diff":[{"file":"def.css","status":"M","additions":7,"deletions":3}]},{"hash":"9daf84ca7a7682e14d7ba13606e06b729354d17d","author":"madiot@gmail.com","committer":"madiot@gmail.com","date":"2015-12-10T16:42:40-05:00","message":"Merge pull request #1 from jnarboux/master","body":"add some results contained in GeoCoq","diff":[]},{"hash":"dfb194d0d6e25bada972d99f07c31980c75c5586","author":"julien@narboux.fr","committer":"julien@narboux.fr","date":"2015-10-28T11:35:59+01:00","message":"put authors","body":"","diff":[{"file":"index.html","status":"M","additions":1,"deletions":1}]},{"hash":"d5b1f5bb9424bfcf203c94f349d0e17fb4634fe4","author":"julien@narboux.fr","committer":"julien@narboux.fr","date":"2015-10-28T11:32:42+01:00","message":"update links and add statements for Desargues","body":"","diff":[{"file":"index.html","status":"M","additions":44,"deletions":4}]},{"hash":"f42c1ea7bbcc8b82ea6ba5d68b55a7279b322d64","author":"julien@narboux.fr","committer":"julien@narboux.fr","date":"2015-10-19T23:04:50+02:00","message":"put in chronological order + remove useless lines","body":"","diff":[{"file":"index.html","status":"M","additions":24,"deletions":26}]},{"hash":"ff9a607b74cbd1616cd9dc03b39dd9145eafa00e","author":"julien@narboux.fr","committer":"julien@narboux.fr","date":"2015-10-13T10:19:28+02:00","message":"add some results contained in GeoCoq","body":"","diff":[{"file":"index.html","status":"M","additions":52,"deletions":0}]},{"hash":"01b8760a23fd3717ab40867cd11076a05c06b8f8","author":"madiot@gmail.com","committer":"madiot@gmail.com","date":"2015-09-18T10:48:50-04:00","message":"Update README.md","body":"","diff":[{"file":"README.md","status":"M","additions":1,"deletions":1}]},{"hash":"82ceaee6899effa3f99e1e862ac56496a0bfea28","author":"madiot@gmail.com","committer":"madiot@gmail.com","date":"2015-09-18T10:48:38-04:00","message":"Update README.md","body":"","diff":[{"file":"README.md","status":"M","additions":4,"deletions":2}]},{"hash":"68bb83180d3a7ba7e53f6a2061f63f603c5d2538","author":"madiot@gmail.com","committer":"madiot@gmail.com","date":"2015-09-18T00:14:43-04:00","message":"Update index.html","body":"","diff":[{"file":"index.html","status":"M","additions":1018,"deletions":1017}]},{"hash":"65de9df96e1062a3bcc136458f33dba7d651856a","author":"madiot@gmail.com","committer":"madiot@gmail.com","date":"2015-09-18T00:13:03-04:00","message":"Update README.md","body":"","diff":[{"file":"README.md","status":"M","additions":3,"deletions":2}]},{"hash":"a6da6fa3ac6ea235b810cea1fb96958ea248835d","author":"madiot@gmail.com","committer":"","date":"2015-09-18T06:10:26+02:00","message":"pigeonhole proof and css file","body":"","diff":[{"file":"def.css","status":"A","additions":156,"deletions":5},{"file":"index.html","status":"A","additions":156,"deletions":5},{"file":"pigeonhole.v","status":"A","additions":156,"deletions":5}]},{"hash":"993a11a676e10fb30abc4ec5a2d64d447cabab4f","author":"madiot@gmail.com","committer":"","date":"2015-09-18T05:55:18+02:00","message":"files from former page","body":"","diff":[{"file":"1.sqrt2.v","status":"A","additions":1943,"deletions":0},{"file":"68.sumarith.v","status":"A","additions":1943,"deletions":0},{"file":"85.div3.v","status":"A","additions":1943,"deletions":0},{"file":"index.html","status":"A","additions":1943,"deletions":0}]},{"hash":"777a3c51f9a58406601ae4b7bb503b92e3e663a2","author":"madiot@gmail.com","committer":"madiot@gmail.com","date":"2015-09-17T22:51:48-04:00","message":"Initial commit","body":"","diff":[{"file":"README.md","status":"A","additions":2,"deletions":0}]}]