[{"hash":"ba9a47f9773adcace400ef70ce49e1ee627aa557","author":"Laurent.Thery@inria.fr","committer":"Laurent.Thery@inria.fr","date":"2022-12-21T13:42:17+01:00","message":"add odd_add_odd_inv_r","body":"","diff":[{"file":"theories/Partition.v","status":"M","additions":13,"deletions":1}]},{"hash":"e75a90a9fd482cf36b48493e7f2eb479fa045ea2","author":"Laurent.Thery@inria.fr","committer":"Laurent.Thery@inria.fr","date":"2022-12-21T13:28:36+01:00","message":"add odd_add_even_inv_r","body":"","diff":[{"file":"theories/Partition.v","status":"M","additions":11,"deletions":1}]},{"hash":"5203b9e7187e4b09f7005e3c4713d00bd5417aec","author":"Laurent.Thery@inria.fr","committer":"Laurent.Thery@inria.fr","date":"2022-12-21T13:16:21+01:00","message":"add even_mul_l","body":"","diff":[{"file":"theories/Partition.v","status":"M","additions":7,"deletions":2}]},{"hash":"9734c19ae224ed2d7f9fbf8179d5d79080152434","author":"Laurent.Thery@inria.fr","committer":"Laurent.Thery@inria.fr","date":"2022-12-21T13:11:02+01:00","message":"define even_double","body":"","diff":[{"file":"theories/Partition.v","status":"M","additions":11,"deletions":6}]},{"hash":"dc8e659f1024e554a5a44d09701c9f6f6d9f69b0","author":"Laurent.Thery@inria.fr","committer":"Laurent.Thery@inria.fr","date":"2022-12-21T12:56:34+01:00","message":"no warning in Partition","body":"","diff":[{"file":"theories/Partition.v","status":"M","additions":67,"deletions":67}]},{"hash":"a671fa3e94a5bba3956c8b88a93b2daba5b24852","author":"Laurent.Thery@inria.fr","committer":"Laurent.Thery@inria.fr","date":"2022-12-21T10:52:29+01:00","message":"no warning in Bertrand","body":"","diff":[{"file":"theories/Bertrand.v","status":"M","additions":2,"deletions":1}]},{"hash":"dd8a9f0defecb75429598a2123d312c500a5c9f6","author":"Laurent.Thery@inria.fr","committer":"Laurent.Thery@inria.fr","date":"2022-12-21T10:49:18+01:00","message":"no warning in Product","body":"","diff":[{"file":"theories/Product.v","status":"M","additions":4,"deletions":4}]},{"hash":"93190431766a72d264c7054c32f23bf1e3c1def5","author":"Laurent.Thery@inria.fr","committer":"Laurent.Thery@inria.fr","date":"2022-12-21T10:44:59+01:00","message":"remove warning in Binomial","body":"","diff":[{"file":"theories/Binomial.v","status":"M","additions":32,"deletions":34}]},{"hash":"97c0498e5d50ad67260a2c8f553630fe8dac3976","author":"palmskog@gmail.com","committer":"noreply@github.com","date":"2022-12-20T09:40:52+01:00","message":"Merge pull request #17 from coq-community/fix-arith-deprec","body":"fix some basic arith deprecations","diff":[]},{"hash":"a730185a56e9e6286c5b3e5e2201629c51d1b708","author":"palmskog@gmail.com","committer":"palmskog@gmail.com","date":"2022-12-19T10:42:50+01:00","message":"unpin dune for why3 CI due to alt-ergo.2.4.1 not supporting recent dune","body":"","diff":[{"file":".github/workflows/replay-why3.yml","status":"M","additions":1,"deletions":0}]},{"hash":"9f11e3b95b728a325c4e9fecad6d447e10a7bfb6","author":"palmskog@gmail.com","committer":"palmskog@gmail.com","date":"2022-12-19T09:26:39+01:00","message":"fix more deprecations, restricted Coq 8.12 or later","body":"","diff":[{"file":".github/workflows/docker-action.yml","status":"M","additions":165,"deletions":162},{"file":"README.md","status":"M","additions":165,"deletions":162},{"file":"_CoqProject","status":"M","additions":165,"deletions":162},{"file":"coq-bertrand.opam","status":"M","additions":165,"deletions":162},{"file":"meta.yml","status":"M","additions":165,"deletions":162},{"file":"theories/Bertrand.v","status":"M","additions":165,"deletions":162},{"file":"theories/Div.v","status":"M","additions":165,"deletions":162},{"file":"theories/Divides.v","status":"M","additions":165,"deletions":162},{"file":"theories/Factorial_bis.v","status":"M","additions":165,"deletions":162},{"file":"theories/Gcd.v","status":"M","additions":165,"deletions":162},{"file":"theories/Misc.v","status":"M","additions":165,"deletions":162},{"file":"theories/Partition.v","status":"M","additions":165,"deletions":162},{"file":"theories/Power.v","status":"M","additions":165,"deletions":162},{"file":"theories/PowerBinomial.v","status":"M","additions":165,"deletions":162},{"file":"theories/PowerDiv.v","status":"M","additions":165,"deletions":162},{"file":"theories/Prime.v","status":"M","additions":165,"deletions":162},{"file":"theories/PrimeDirac.v","status":"M","additions":165,"deletions":162},{"file":"theories/Raux.v","status":"M","additions":165,"deletions":162},{"file":"theories/Summation.v","status":"M","additions":165,"deletions":162}]},{"hash":"4091b8e0f604985dc213fa54b4d4227f80d8cef7","author":"palmskog@gmail.com","committer":"palmskog@gmail.com","date":"2022-04-12T23:01:46+02:00","message":"even more arith deprecation fixes","body":"","diff":[{"file":"theories/Bertrand.v","status":"M","additions":85,"deletions":84},{"file":"theories/Binomial.v","status":"M","additions":85,"deletions":84},{"file":"theories/Div.v","status":"M","additions":85,"deletions":84},{"file":"theories/Misc.v","status":"M","additions":85,"deletions":84},{"file":"theories/Partition.v","status":"M","additions":85,"deletions":84},{"file":"theories/Power.v","status":"M","additions":85,"deletions":84},{"file":"theories/PowerBinomial.v","status":"M","additions":85,"deletions":84},{"file":"theories/PowerDiv.v","status":"M","additions":85,"deletions":84},{"file":"theories/Prime.v","status":"M","additions":85,"deletions":84},{"file":"theories/PrimeDirac.v","status":"M","additions":85,"deletions":84},{"file":"theories/Product.v","status":"M","additions":85,"deletions":84}]},{"hash":"00222654d0a5a9b6a8e7375ed20e376f8eea8611","author":"palmskog@gmail.com","committer":"palmskog@gmail.com","date":"2022-04-12T22:36:41+02:00","message":"fix more deprecations, suppress hint locality for now","body":"","diff":[{"file":"_CoqProject","status":"M","additions":112,"deletions":109},{"file":"theories/Bertrand.v","status":"M","additions":112,"deletions":109},{"file":"theories/Binomial.v","status":"M","additions":112,"deletions":109},{"file":"theories/Div.v","status":"M","additions":112,"deletions":109},{"file":"theories/Misc.v","status":"M","additions":112,"deletions":109},{"file":"theories/Partition.v","status":"M","additions":112,"deletions":109},{"file":"theories/Power.v","status":"M","additions":112,"deletions":109},{"file":"theories/PowerBinomial.v","status":"M","additions":112,"deletions":109},{"file":"theories/PowerDiv.v","status":"M","additions":112,"deletions":109},{"file":"theories/Prime.v","status":"M","additions":112,"deletions":109},{"file":"theories/PrimeDirac.v","status":"M","additions":112,"deletions":109},{"file":"theories/Product.v","status":"M","additions":112,"deletions":109},{"file":"theories/Summation.v","status":"M","additions":112,"deletions":109}]},{"hash":"b5265450eae2f26f1aa8dd9c6168681665eb77e8","author":"palmskog@gmail.com","committer":"palmskog@gmail.com","date":"2022-04-12T20:48:01+02:00","message":"fix some basic arith deprecations","body":"","diff":[{"file":"theories/Bertrand.v","status":"M","additions":151,"deletions":147},{"file":"theories/Binomial.v","status":"M","additions":151,"deletions":147},{"file":"theories/Div.v","status":"M","additions":151,"deletions":147},{"file":"theories/Divides.v","status":"M","additions":151,"deletions":147},{"file":"theories/Gcd.v","status":"M","additions":151,"deletions":147},{"file":"theories/Misc.v","status":"M","additions":151,"deletions":147},{"file":"theories/Partition.v","status":"M","additions":151,"deletions":147},{"file":"theories/Power.v","status":"M","additions":151,"deletions":147},{"file":"theories/PowerBinomial.v","status":"M","additions":151,"deletions":147},{"file":"theories/PowerDiv.v","status":"M","additions":151,"deletions":147},{"file":"theories/Prime.v","status":"M","additions":151,"deletions":147},{"file":"theories/PrimeDirac.v","status":"M","additions":151,"deletions":147},{"file":"theories/Product.v","status":"M","additions":151,"deletions":147},{"file":"theories/Summation.v","status":"M","additions":151,"deletions":147}]},{"hash":"3573c5f5288664fa8c45c989b53b709fd5048c94","author":"palmskog@gmail.com","committer":"noreply@github.com","date":"2022-04-12T20:22:49+02:00","message":"Merge pull request #16 from coq-community/reorg-dir","body":"Reorganize into subdirectories for maintainability","diff":[]},{"hash":"4ce9086d65967e36acc051847549224d664392eb","author":"palmskog@gmail.com","committer":"palmskog@gmail.com","date":"2022-04-10T15:19:25+02:00","message":"move OCaml files to ocaml directory for easier separation","body":"","diff":[{"file":"Makefile.coq.local","status":"M","additions":3,"deletions":3},{"file":"_CoqProject","status":"M","additions":3,"deletions":3},{"file":"src/Extraction.v","status":"M","additions":3,"deletions":3},{"file":"src/dune","status":"M","additions":3,"deletions":3},{"file":"src/ex1.ml","status":"M","additions":3,"deletions":3},{"file":"src/ex2.ml","status":"M","additions":3,"deletions":3}]},{"hash":"c909d358b946cbf4b40e4c0250acd381ef44abd4","author":"palmskog@gmail.com","committer":"palmskog@gmail.com","date":"2022-04-10T11:17:06+02:00","message":"document running the partition program","body":"","diff":[{"file":"README.md","status":"M","additions":47,"deletions":11},{"file":"meta.yml","status":"M","additions":47,"deletions":11},{"file":"src/ex2.ml","status":"M","additions":47,"deletions":11}]},{"hash":"58a2e904ead50def89944e64d23739848482cf5e","author":"palmskog@gmail.com","committer":"palmskog@gmail.com","date":"2022-04-09T23:35:13+02:00","message":"remove old Nix config","body":"","diff":[{"file":"default.nix","status":"D","additions":0,"deletions":25}]},{"hash":"fb511662075da0aeb2ebb46d683378a6ac05c973","author":"palmskog@gmail.com","committer":"palmskog@gmail.com","date":"2022-04-09T23:27:36+02:00","message":"insert Proof sentences and fix some formatting","body":"","diff":[{"file":"theories/Bertrand.v","status":"M","additions":435,"deletions":225},{"file":"theories/Binomial.v","status":"M","additions":435,"deletions":225},{"file":"theories/Check128.v","status":"M","additions":435,"deletions":225},{"file":"theories/Div.v","status":"M","additions":435,"deletions":225},{"file":"theories/DivDirac.v","status":"M","additions":435,"deletions":225},{"file":"theories/Divides.v","status":"M","additions":435,"deletions":225},{"file":"theories/Factorial_bis.v","status":"M","additions":435,"deletions":225},{"file":"theories/Gcd.v","status":"M","additions":435,"deletions":225},{"file":"theories/Misc.v","status":"M","additions":435,"deletions":225},{"file":"theories/Partition.v","status":"M","additions":435,"deletions":225},{"file":"theories/Power.v","status":"M","additions":435,"deletions":225},{"file":"theories/PowerBinomial.v","status":"M","additions":435,"deletions":225},{"file":"theories/PowerDiv.v","status":"M","additions":435,"deletions":225},{"file":"theories/Prime.v","status":"M","additions":435,"deletions":225},{"file":"theories/PrimeDirac.v","status":"M","additions":435,"deletions":225},{"file":"theories/Product.v","status":"M","additions":435,"deletions":225},{"file":"theories/Raux.v","status":"M","additions":435,"deletions":225},{"file":"theories/Summation.v","status":"M","additions":435,"deletions":225}]},{"hash":"9be75ef1fcd2c9a80b9850074d846152af2cab21","author":"palmskog@gmail.com","committer":"palmskog@gmail.com","date":"2022-04-09T21:58:13+02:00","message":"compact Require Imports","body":"","diff":[{"file":"_CoqProject","status":"M","additions":51,"deletions":99},{"file":"theories/Bertrand.v","status":"M","additions":51,"deletions":99},{"file":"theories/Binomial.v","status":"M","additions":51,"deletions":99},{"file":"theories/Check128.v","status":"M","additions":51,"deletions":99},{"file":"theories/Div.v","status":"M","additions":51,"deletions":99},{"file":"theories/DivDirac.v","status":"M","additions":51,"deletions":99},{"file":"theories/Divides.v","status":"M","additions":51,"deletions":99},{"file":"theories/Factorial_bis.v","status":"M","additions":51,"deletions":99},{"file":"theories/Gcd.v","status":"M","additions":51,"deletions":99},{"file":"theories/Misc.v","status":"M","additions":51,"deletions":99},{"file":"theories/Partition.v","status":"M","additions":51,"deletions":99},{"file":"theories/Power.v","status":"M","additions":51,"deletions":99},{"file":"theories/PowerBinomial.v","status":"M","additions":51,"deletions":99},{"file":"theories/PowerDiv.v","status":"M","additions":51,"deletions":99},{"file":"theories/Prime.v","status":"M","additions":51,"deletions":99},{"file":"theories/PrimeDirac.v","status":"M","additions":51,"deletions":99},{"file":"theories/Product.v","status":"M","additions":51,"deletions":99},{"file":"theories/Raux.v","status":"M","additions":51,"deletions":99},{"file":"theories/Summation.v","status":"M","additions":51,"deletions":99}]},{"hash":"0eaa36aaaab478154e195126ca6c24311a4df599","author":"palmskog@gmail.com","committer":"palmskog@gmail.com","date":"2022-04-09T21:17:32+02:00","message":"reorganize into theories and src directories similarly to huffman","body":"","diff":[{"file":"Makefile.coq.local","status":"A","additions":32,"deletions":31},{"file":"_CoqProject","status":"A","additions":32,"deletions":31},{"file":"dune","status":"A","additions":32,"deletions":31},{"file":"Extraction.v","status":"A","additions":32,"deletions":31},{"file":"src/dune","status":"A","additions":32,"deletions":31},{"file":"ex1.ml","status":"A","additions":32,"deletions":31},{"file":"ex2.ml","status":"A","additions":32,"deletions":31},{"file":"Bertrand.v","status":"A","additions":32,"deletions":31},{"file":"Binomial.v","status":"A","additions":32,"deletions":31},{"file":"Check128.v","status":"A","additions":32,"deletions":31},{"file":"Div.v","status":"A","additions":32,"deletions":31},{"file":"DivDirac.v","status":"A","additions":32,"deletions":31},{"file":"Divides.v","status":"A","additions":32,"deletions":31},{"file":"Factorial_bis.v","status":"A","additions":32,"deletions":31},{"file":"Gcd.v","status":"A","additions":32,"deletions":31},{"file":"Misc.v","status":"A","additions":32,"deletions":31},{"file":"Partition.v","status":"A","additions":32,"deletions":31},{"file":"Power.v","status":"A","additions":32,"deletions":31},{"file":"PowerBinomial.v","status":"A","additions":32,"deletions":31},{"file":"PowerDiv.v","status":"A","additions":32,"deletions":31},{"file":"Prime.v","status":"A","additions":32,"deletions":31},{"file":"PrimeDirac.v","status":"A","additions":32,"deletions":31},{"file":"Product.v","status":"A","additions":32,"deletions":31},{"file":"Raux.v","status":"A","additions":32,"deletions":31},{"file":"Summation.v","status":"A","additions":32,"deletions":31},{"file":"theories/dune","status":"A","additions":32,"deletions":31},{"file":"sTactic.v","status":"A","additions":32,"deletions":31}]},{"hash":"cc389c08f4b6b9052a43cf2b355b87bb2ebd7f26","author":"palmskog@gmail.com","committer":"noreply@github.com","date":"2022-04-09T18:44:25+02:00","message":"Merge pull request #15 from coq-community/refactor-replay-ci","body":"more idiomatic why3 replay ci","diff":[]},{"hash":"bb0a29df68e2646d58924909d65d48bec3711372","author":"palmskog@gmail.com","committer":"palmskog@gmail.com","date":"2022-04-09T18:29:41+02:00","message":"more idiomatic why3 replay ci","body":"","diff":[{"file":".github/workflows/replay-why3.yml","status":"M","additions":2,"deletions":4}]},{"hash":"fd19b74746e2702d91c5795c78f6b8d050a1217d","author":"palmskog@gmail.com","committer":"noreply@github.com","date":"2022-04-09T15:06:26+02:00","message":"Merge pull request #14 from coq-community/update-ci-8.15","body":"update meta.yml for 8.15 and updated Why3 deps","diff":[]},{"hash":"b92b1c7f0422fb3f13723cace5802ea4b0aafc6d","author":"palmskog@gmail.com","committer":"palmskog@gmail.com","date":"2022-04-09T14:53:35+02:00","message":"update meta.yml for 8.15 and updated Why3 deps","body":"","diff":[{"file":".github/workflows/docker-action.yml","status":"M","additions":22,"deletions":20},{"file":"README.md","status":"M","additions":22,"deletions":20},{"file":"coq-bertrand.opam","status":"M","additions":22,"deletions":20},{"file":"meta.yml","status":"M","additions":22,"deletions":20},{"file":"why/README.md","status":"M","additions":22,"deletions":20}]},{"hash":"280e117c9f78ffbae4fb173c64b949e30b74b284","author":"palmskog@gmail.com","committer":"noreply@github.com","date":"2022-04-09T13:37:36+02:00","message":"Merge pull request #13 from coq-community/why-ci","body":"update why replay requirements, add CI for replay","diff":[]},{"hash":"2782e7b94999a4898ce9f47d7fd5056471dc5106","author":"palmskog@gmail.com","committer":"palmskog@gmail.com","date":"2022-04-09T07:37:12+02:00","message":"update why replay requirements, add CI for replay","body":"","diff":[{"file":".github/workflows/replay-why3.yml","status":"A","additions":62,"deletions":7},{"file":"coq-knuth-prime.opam","status":"A","additions":62,"deletions":7},{"file":"why/Knuth/why3session.xml","status":"A","additions":62,"deletions":7}]},{"hash":"8a308e35814882d9008a2ced97679ba2806d1b78","author":"palmskog@gmail.com","committer":"noreply@github.com","date":"2021-10-03T16:23:09+02:00","message":"Merge pull request #12 from Zimmi48/regenerate-from-templates","body":"Fix meta.yml and regenerate files from templates.","diff":[]},{"hash":"d606de0437e771c7d268e37dc81fe97181c07b0a","author":"palmskog@gmail.com","committer":"palmskog@gmail.com","date":"2021-10-03T16:19:33+02:00","message":"adjust meta.yml to fit content of opam files, support 8.13 and 8.14","body":"","diff":[{"file":".github/workflows/docker-action.yml","status":"M","additions":31,"deletions":29},{"file":"README.md","status":"M","additions":31,"deletions":29},{"file":"coq-bertrand.opam","status":"M","additions":31,"deletions":29},{"file":"coq-knuth-prime.opam","status":"M","additions":31,"deletions":29},{"file":"meta.yml","status":"M","additions":31,"deletions":29}]},{"hash":"f87ef9da29df74f474a23831b889d97dd211099a","author":"theo.zimmermann@inria.fr","committer":"","date":"2021-09-30T14:24:26+02:00","message":"Fix meta.yml and regenerate files from templates.","body":"","diff":[{"file":".github/workflows/coq-ci.yml","status":"M","additions":24,"deletions":9},{"file":"README.md","status":"M","additions":24,"deletions":9},{"file":"coq-bertrand.opam","status":"M","additions":24,"deletions":9},{"file":"meta.yml","status":"M","additions":24,"deletions":9}]},{"hash":"b9d7022441329995bc20f3b55cc54775a27f1142","author":"palmskog@gmail.com","committer":"noreply@github.com","date":"2020-12-01T15:28:40+01:00","message":"Merge pull request #11 from coq-community/fix-metadata-dune","body":"opam file for why3 proof, switch to GitHub Actions CI, fix Dune build","diff":[]},{"hash":"97d4ae9d1824c55c8be6e1adcc418406380e2170","author":"palmskog@gmail.com","committer":"palmskog@gmail.com","date":"2020-11-30T04:14:04+01:00","message":"opam file for why3 proof, switch to GitHub Actions CI, fix Dune build","body":"","diff":[{"file":".github/workflows/coq-ci.yml","status":"A","additions":157,"deletions":147},{"file":".travis.yml","status":"A","additions":157,"deletions":147},{"file":"Makefile","status":"A","additions":157,"deletions":147},{"file":"Makefile.coq.local","status":"A","additions":157,"deletions":147},{"file":"README.md","status":"A","additions":157,"deletions":147},{"file":"coq-knuth-prime.opam","status":"A","additions":157,"deletions":147},{"file":"dune","status":"A","additions":157,"deletions":147},{"file":"meta.yml","status":"A","additions":157,"deletions":147},{"file":"why/Knuth/Knuth_Knuth_h_5.v","status":"A","additions":157,"deletions":147},{"file":"why/Knuth/why3session.xml","status":"A","additions":157,"deletions":147},{"file":"why/Makefile","status":"A","additions":157,"deletions":147},{"file":"why/README.md","status":"A","additions":157,"deletions":147}]},{"hash":"0165f54be92e40391eb1b63a50ff7e1b817b578a","author":"Laurent.Thery@inria.fr","committer":"Laurent.Thery@inria.fr","date":"2020-10-27T11:47:05+01:00","message":"Moving to a recent version of why3","body":"","diff":[{"file":"Knuth.mlw","status":"D","additions":699,"deletions":1053},{"file":"Knuth_def.v","status":"D","additions":699,"deletions":1053},{"file":"Knuth_why.v","status":"D","additions":699,"deletions":1053},{"file":"Makefile.coq.local","status":"D","additions":699,"deletions":1053},{"file":"README.md","status":"D","additions":699,"deletions":1053},{"file":"_CoqProject","status":"D","additions":699,"deletions":1053},{"file":"why/Knuth.mlw","status":"D","additions":699,"deletions":1053},{"file":"why/Knuth/Knuth_Knuth_h_5.v","status":"D","additions":699,"deletions":1053},{"file":"why/Knuth/why3session.xml","status":"D","additions":699,"deletions":1053},{"file":"why/Knuth/why3shapes.gz","status":"D","additions":699,"deletions":1053},{"file":"why/README.md","status":"D","additions":699,"deletions":1053},{"file":"why/WhyArrays.v","status":"D","additions":699,"deletions":1053}]},{"hash":"2f4286187685c77aa3c5f00ddb684e9440f02685","author":"palmskog@gmail.com","committer":"Laurent.Thery@inria.fr","date":"2020-10-20T17:17:20+02:00","message":"update maintainer","body":"","diff":[{"file":"README.md","status":"M","additions":3,"deletions":3},{"file":"meta.yml","status":"M","additions":3,"deletions":3}]},{"hash":"9fd907f5cf6b54d676a9e33a68bbbe773ebb1454","author":"palmskog@gmail.com","committer":"palmskog@gmail.com","date":"2020-10-11T00:19:05+02:00","message":"switch from omega to lia to fix deprecation","body":"","diff":[{"file":"Knuth_why.v","status":"M","additions":8,"deletions":6},{"file":"why/WhyArrays.v","status":"M","additions":8,"deletions":6}]},{"hash":"0d340fc5ee97a3f834b63c3412ad792efda524a7","author":"palmskog@gmail.com","committer":"palmskog@gmail.com","date":"2020-10-11T00:08:29+02:00","message":"update metadata and CI for 8.12","body":"","diff":[{"file":".travis.yml","status":"M","additions":20,"deletions":12},{"file":"README.md","status":"M","additions":20,"deletions":12},{"file":"coq-bertrand.opam","status":"M","additions":20,"deletions":12},{"file":"meta.yml","status":"M","additions":20,"deletions":12}]},{"hash":"931ed4bbc401da70aba381b46643c730cd948cab","author":"palmskog@gmail.com","committer":"palmskog@gmail.com","date":"2020-10-11T00:07:07+02:00","message":"minimal changes for 8.12 compatibility","body":"","diff":[{"file":"Knuth_why.v","status":"M","additions":8,"deletions":8}]},{"hash":"9511183e3d02e06e75dfaface3db52905bc3ce09","author":"palmskog@gmail.com","committer":"palmskog@gmail.com","date":"2020-08-20T02:01:10-05:00","message":"metadata fix","body":"","diff":[{"file":"README.md","status":"M","additions":6,"deletions":6},{"file":"coq-bertrand.opam","status":"M","additions":6,"deletions":6},{"file":"meta.yml","status":"M","additions":6,"deletions":6}]},{"hash":"259f6dfc99ba20007ee56bae6a61efce8b3c8e2e","author":"palmskog@gmail.com","committer":"noreply@github.com","date":"2020-08-20T08:58:03+02:00","message":"Merge pull request #8 from coq-community/maintainable","body":"Fixes to make the project more maintainable","diff":[]},{"hash":"f7396003b2da6776064abdce69a3beb54a318e5e","author":"palmskog@gmail.com","committer":"palmskog@gmail.com","date":"2020-08-20T01:49:18-05:00","message":"fix metadata and generate files from templates","body":"","diff":[{"file":".travis.yml","status":"A","additions":52,"deletions":24},{"file":"README.md","status":"A","additions":52,"deletions":24},{"file":"coq-bertrand.opam","status":"A","additions":52,"deletions":24},{"file":"dune","status":"A","additions":52,"deletions":24},{"file":"dune-project","status":"A","additions":52,"deletions":24},{"file":"meta.yml","status":"A","additions":52,"deletions":24}]},{"hash":"8fe6af6db83b81cd9cd0ea5675aa7e5f44233503","author":"palmskog@gmail.com","committer":"palmskog@gmail.com","date":"2020-08-20T01:46:51-05:00","message":"fix ambiguous circular dependency","body":"","diff":[{"file":"Extraction.v","status":"M","additions":1,"deletions":1}]},{"hash":"1415f52636de96f8cbf86f8a09a39b4f09ecf4d2","author":"palmskog@gmail.com","committer":"palmskog@gmail.com","date":"2020-08-20T01:35:52-05:00","message":"compatibility with Coq 8.11","body":"","diff":[{"file":".gitignore","status":"M","additions":16,"deletions":6},{"file":"Knuth_why.v","status":"M","additions":16,"deletions":6},{"file":"PrimeDirac.v","status":"M","additions":16,"deletions":6}]},{"hash":"e0c1208f2fcdbfdd42110821119e62c75de333fd","author":"palmskog@gmail.com","committer":"palmskog@gmail.com","date":"2020-08-20T01:15:23-05:00","message":"fix deprecations","body":"","diff":[{"file":"Bertrand.v","status":"M","additions":19,"deletions":19},{"file":"Gcd.v","status":"M","additions":19,"deletions":19},{"file":"Prime.v","status":"M","additions":19,"deletions":19}]},{"hash":"7dcbfbafccfef1a20236642f3aa0c481ba5691bb","author":"palmskog@gmail.com","committer":"palmskog@gmail.com","date":"2020-08-20T01:09:47-05:00","message":"switch to proper Makefile with _CoqProject and use Makefile.coq.local","body":"","diff":[{"file":"Makefile","status":"A","additions":16,"deletions":11},{"file":"Makefile.coq.local","status":"A","additions":16,"deletions":11},{"file":"Make","status":"A","additions":16,"deletions":11}]},{"hash":"40aa97d6953320beac0eb0d425cfc824360aefd1","author":"palmskog@gmail.com","committer":"noreply@github.com","date":"2020-08-19T12:44:23+02:00","message":"Merge pull request #7 from Zimmi48/update-compat","body":"Update info on compatibility and CI.","diff":[]},{"hash":"3534392a43cf22dad747855a349c7527ab004d50","author":"theo.zimmermann@inria.fr","committer":"","date":"2020-08-19T12:38:02+02:00","message":"Update info on compatibility and CI.","body":"","diff":[{"file":".travis.yml","status":"M","additions":20,"deletions":9},{"file":"README.md","status":"M","additions":20,"deletions":9},{"file":"coq-bertrand.opam","status":"M","additions":20,"deletions":9},{"file":"default.nix","status":"M","additions":20,"deletions":9},{"file":"meta.yml","status":"M","additions":20,"deletions":9}]},{"hash":"e0a9120a1cbd0c1129a08a532018f47a04dbbb9d","author":"theo.zimmermann@inria.fr","committer":"noreply@github.com","date":"2020-08-19T12:26:48+02:00","message":"Merge pull request #6 from Zimmi48/update-templates","body":"Regenerate files from latest templates.","diff":[]},{"hash":"3251995d8677e3272bd84660bee402725c798e21","author":"theo.zimmermann@inria.fr","committer":"","date":"2020-05-28T17:51:05+02:00","message":"Regenerate files from latest templates.","body":"Includes a move from the Gitter badge to the Zulip badge in README.\n","diff":[{"file":".travis.yml","status":"M","additions":80,"deletions":57},{"file":"README.md","status":"M","additions":80,"deletions":57},{"file":"opam","status":"M","additions":80,"deletions":57},{"file":"meta.yml","status":"M","additions":80,"deletions":57}]},{"hash":"1b91057a7343ae28c25ebb3f155e752cefec616c","author":"Hugo.Herbelin@inria.fr","committer":"Hugo.Herbelin@inria.fr","date":"2019-12-02T20:53:42+01:00","message":"Addressing deprecated compatibility alias warnings.","body":"","diff":[{"file":"Knuth_def.v","status":"M","additions":13,"deletions":13},{"file":"why/WhyArrays.v","status":"M","additions":13,"deletions":13}]},{"hash":"910a9a32dbeb78d28d11e8f534da1768241a593c","author":"Hugo.Herbelin@inria.fr","committer":"Hugo.Herbelin@inria.fr","date":"2019-11-30T22:22:23+01:00","message":"Adapting to Coq 8.9.","body":"","diff":[{"file":"Knuth_why.v","status":"M","additions":26,"deletions":26},{"file":"Partition.v","status":"M","additions":26,"deletions":26}]},{"hash":"257764428e70a2e2d34c2fa28de3efe52aa34024","author":"Hugo.Herbelin@inria.fr","committer":"Hugo.Herbelin@inria.fr","date":"2019-11-30T18:12:52+01:00","message":"Updating .gitignore","body":"","diff":[{"file":".gitignore","status":"A","additions":3,"deletions":0}]},{"hash":"1fd2804d5664b4fb4f88b04ff589f425c2c8fc49","author":"theo.zimmermann@univ-paris-diderot.fr","committer":"","date":"2019-01-30T17:53:38+01:00","message":"Update coq.cachix.org public key.","body":"","diff":[{"file":".travis.yml","status":"M","additions":2,"deletions":1},{"file":"README.md","status":"M","additions":2,"deletions":1}]},{"hash":"6d776d03e25b61fe468de229a0ca3ceedc1c0b66","author":"theo.zimmermann@univ-paris-diderot.fr","committer":"noreply@github.com","date":"2019-01-28T13:58:02+01:00","message":"Merge pull request #4 from Zimmi48/meta-file","body":"Update CI and add other files generated from meta.yml","diff":[]},{"hash":"909f765bbf3521454032417252be20c8ce99863c","author":"theo.zimmermann@univ-paris-diderot.fr","committer":"","date":"2018-12-20T20:05:37+01:00","message":"Update CI and add other files generated from meta.yml","body":"","diff":[{"file":".travis.yml","status":"A","additions":222,"deletions":74},{"file":"README","status":"A","additions":222,"deletions":74},{"file":"README.md","status":"A","additions":222,"deletions":74},{"file":"default.nix","status":"A","additions":222,"deletions":74},{"file":"description","status":"A","additions":222,"deletions":74},{"file":"meta.yml","status":"A","additions":222,"deletions":74},{"file":"opam","status":"A","additions":222,"deletions":74}]},{"hash":"7da1857bd369525ae2d783bc5b6b9ae8bf22c7a4","author":"Hugo.Herbelin@inria.fr","committer":"Hugo.Herbelin@inria.fr","date":"2018-10-21T00:32:57+02:00","message":"Yet another consequence of the change of real constants.","body":"Was surprisingly not needed for Coq 8.7.\n Please enter the commit message for your changes. Lines starting\n","diff":[{"file":"Bertrand.v","status":"M","additions":1,"deletions":1}]},{"hash":"9b37a312528e26794a9df5965a577bc410127b12","author":"Hugo.Herbelin@inria.fr","committer":"Hugo.Herbelin@inria.fr","date":"2017-05-25T12:16:46+02:00","message":"Converting from iso-8859-1 to utf8.","body":"","diff":[{"file":"description","status":"M","additions":1,"deletions":1}]},{"hash":"031c22ef2c570d780a8b8dde47403589e7bd26b5","author":"herbelin@users.noreply.github.com","committer":"noreply@github.com","date":"2018-07-21T17:55:31+02:00","message":"Merge pull request #3 from Zimmi48/travis","body":"Setup Continuous Integration.","diff":[]},{"hash":"e99b02bbb75558ec741f5f14fc52ac506b524bfd","author":"theo.zimmermann@univ-paris-diderot.fr","committer":"","date":"2018-07-07T10:44:53+02:00","message":"Setup Continuous Integration.","body":"For now, bertrand is only compatible with Coq 8.7 (cf. #1).\n","diff":[{"file":".travis.yml","status":"A","additions":25,"deletions":0},{"file":"default.nix","status":"A","additions":25,"deletions":0}]},{"hash":"11a85bf3bb43c1c0447c65f320891e69f7ab6c04","author":"Hugo.Herbelin@inria.fr","committer":"Hugo.Herbelin@inria.fr","date":"2017-06-28T10:59:26+02:00","message":"Adding \"Require Extraction\".","body":"","diff":[{"file":"Extraction.v","status":"M","additions":2,"deletions":2}]},{"hash":"63db07b95e6aeaec95cadeda20aa379f2e23757d","author":"Hugo.Herbelin@inria.fr","committer":"Hugo.Herbelin@inria.fr","date":"2017-05-07T14:13:57+02:00","message":"Adapting to change of representation of real constants and to stronger auto.","body":"- constant 3 is not anymore 1+(1+1)\n- auto with real solves goal of the form cst <= cst' on real numbers.\n","diff":[{"file":"Bertrand.v","status":"M","additions":11,"deletions":7}]},{"hash":"55ae6f66172953c70c65d50065b8f05eeae6bfee","author":"Hugo.Herbelin@inria.fr","committer":"Hugo.Herbelin@inria.fr","date":"2016-10-23T18:39:43+02:00","message":"Getting rid of hint base v62. Courtesy of TZ.","body":"","diff":[{"file":"why/WhyArrays.v","status":"M","additions":1,"deletions":1}]},{"hash":"3459d1c93d25bcb6b38bcc68aabbba03c7526c6d","author":"pierre.letouzey@inria.fr","committer":"pierre.letouzey@inria.fr","date":"2016-06-24T16:49:29+02:00","message":"Makefile: no more message about a Circular Make <- Makefile.coq dependency dropped","body":"","diff":[{"file":"Makefile","status":"M","additions":2,"deletions":0}]},{"hash":"23b5cac832a6e992604c58b0474a6d3062673a0a","author":"m4tej.kosik@gmail.com","committer":"m4tej.kosik@gmail.com","date":"2016-04-26T11:50:15+02:00","message":"merging branch v8.5","body":"","diff":[]},{"hash":"e399ce3af29e5b59f70ae0f881dfb4b2b1c71020","author":"m4tej.kosik@gmail.com","committer":"m4tej.kosik@gmail.com","date":"2016-04-26T11:48:42+02:00","message":"updating Makefile","body":"","diff":[{"file":"Makefile","status":"M","additions":10,"deletions":192}]},{"hash":"276debb381acdbe218aa7ad54987a193a69568fc","author":"m4tej.kosik@gmail.com","committer":"m4tej.kosik@gmail.com","date":"2016-04-01T17:45:55+02:00","message":"removing \"run_partition.ml\" file from the git repository because it is automatically generated","body":"","diff":[{"file":"run_partition.ml","status":"D","additions":0,"deletions":227}]},{"hash":"5152081d59129c3c4528cc3baeb74f305c88c8c7","author":"pierre-marie.pedrot@inria.fr","committer":"","date":"2016-03-18T14:14:24+01:00","message":"Auto-generating Makefile.","body":"","diff":[{"file":"Makefile","status":"M","additions":10,"deletions":304}]},{"hash":"99ecaa5d9f31e2fa590c6d82c230b51d1c79f54b","author":"m4tej.kosik@gmail.com","committer":"m4tej.kosik@gmail.com","date":"2016-03-15T19:22:49+01:00","message":"CLEANUP: \"Make\" file","body":"","diff":[{"file":"Make","status":"M","additions":2,"deletions":0}]},{"hash":"acde62b795a57c89121c27e4bf3d311e95d7c75b","author":"m4tej.kosik@gmail.com","committer":"m4tej.kosik@gmail.com","date":"2016-03-15T18:50:14+01:00","message":"CLEANUP: \"Make\" file","body":"","diff":[{"file":"Make","status":"M","additions":205,"deletions":97},{"file":"Makefile","status":"M","additions":205,"deletions":97}]},{"hash":"ea857ec3661c7af2d853e986d1a9946e6ced7be1","author":"m4tej.kosik@gmail.com","committer":"m4tej.kosik@gmail.com","date":"2016-03-03T15:02:09+01:00","message":"CLEANUP: \"run_partition.ml\" file was dropped from the repository as it is autogenerated","body":"","diff":[{"file":"run_partition.ml","status":"D","additions":0,"deletions":227}]},{"hash":"cc04eb6c94b65f19cd8ba04583964bcac5cfde73","author":"ppedrot@0cf17b13-060f-0410-b1b1-c666bec9822a","committer":"","date":"2014-02-12T18:44:48+00:00","message":"Revert \"Regenerating Makefiles.\" We will be able to do so when we have access to the newbench machine.","body":"git-svn-id: svn://scm.gforge.inria.fr/svnroot/coq-contribs/trunk@2489 0cf17b13-060f-0410-b1b1-c666bec9822a\n","diff":[{"file":"Makefile","status":"M","additions":114,"deletions":201}]},{"hash":"52d71962ffd9fea4211feb119bc6f9d6b37b3b87","author":"ppedrot@0cf17b13-060f-0410-b1b1-c666bec9822a","committer":"","date":"2014-02-11T16:17:04+00:00","message":"Regenerating Makefiles. They were quite outdated and spat a lot of warning related to deprecated features. This should work as-is, but I am still crossing my fingers.","body":"git-svn-id: svn://scm.gforge.inria.fr/svnroot/coq-contribs/trunk@2484 0cf17b13-060f-0410-b1b1-c666bec9822a\n","diff":[{"file":"Makefile","status":"M","additions":201,"deletions":114}]},{"hash":"7bdf00979da29bae7dec6d1ef8c656cfa5f7c383","author":"pboutill@0cf17b13-060f-0410-b1b1-c666bec9822a","committer":"","date":"2012-01-17T17:30:22+00:00","message":"make.log and bench.log are files from local bench","body":"They are deleted and ignored in the depo.\n\ngit-svn-id: svn://scm.gforge.inria.fr/svnroot/coq-contribs/trunk@1724 0cf17b13-060f-0410-b1b1-c666bec9822a\n","diff":[{"file":"bench.log","status":"D","additions":0,"deletions":1641}]},{"hash":"a0601abbbf68459bade45f672619522392870ed8","author":"glondu@0cf17b13-060f-0410-b1b1-c666bec9822a","committer":"","date":"2010-10-05T09:27:37+00:00","message":"Fix contribs broken by addition of eta-expansion","body":"Most contribs are fixed by removing some tactics. The only exception\nis Bertrand, that was using a fragile rewrite that is matched\ndifferently.\n\nSee commits in Coq trunk r13443 and r13494, and my mails on coqdev.\n\ngit-svn-id: svn://scm.gforge.inria.fr/svnroot/coq-contribs/trunk@1254 0cf17b13-060f-0410-b1b1-c666bec9822a\n","diff":[{"file":"Binomial.v","status":"M","additions":1,"deletions":1}]},{"hash":"931f5a85399172ec6d5d184eee976b1f5f327c82","author":"serpyc@0cf17b13-060f-0410-b1b1-c666bec9822a","committer":"","date":"2009-11-16T14:24:55+00:00","message":"Sauvegarde des bench.log","body":"git-svn-id: svn://scm.gforge.inria.fr/svnroot/coq-contribs/trunk@1075 0cf17b13-060f-0410-b1b1-c666bec9822a\n","diff":[{"file":"bench.log","status":"M","additions":79,"deletions":0}]},{"hash":"9b8011130dad9f5bece6df77507cbe57f2bb88c0","author":"serpyc@0cf17b13-060f-0410-b1b1-c666bec9822a","committer":"","date":"2009-11-12T18:26:29+00:00","message":"Mise à jour des Make/Makefile (compilation sur Osiris)","body":"git-svn-id: svn://scm.gforge.inria.fr/svnroot/coq-contribs/trunk@1059 0cf17b13-060f-0410-b1b1-c666bec9822a\n","diff":[{"file":"run_partition.ml","status":"M","additions":4,"deletions":4}]},{"hash":"412a2fffc00410bd3fe2bf602262e319afe8f206","author":"serpyc@0cf17b13-060f-0410-b1b1-c666bec9822a","committer":"","date":"2009-08-19T12:41:28+00:00","message":"sauvegarde des bench.log","body":"git-svn-id: svn://scm.gforge.inria.fr/svnroot/coq-contribs/trunk@1016 0cf17b13-060f-0410-b1b1-c666bec9822a\n","diff":[{"file":"bench.log","status":"M","additions":353,"deletions":0}]},{"hash":"b83782069c221693a9d089c06d4aea1f4c37c321","author":"serpyc@0cf17b13-060f-0410-b1b1-c666bec9822a","committer":"","date":"2008-07-30T13:09:12+00:00","message":"Sauvergarde des bench.log","body":"git-svn-id: svn://scm.gforge.inria.fr/svnroot/coq-contribs/trunk@829 0cf17b13-060f-0410-b1b1-c666bec9822a\n","diff":[{"file":"bench.log","status":"M","additions":36,"deletions":0}]},{"hash":"c7009ce0443368a503d276585febadcf5f2dcd7e","author":"serpyc@0cf17b13-060f-0410-b1b1-c666bec9822a","committer":"","date":"2008-06-17T13:38:56+00:00","message":"Sauvegarde des bench.log","body":"git-svn-id: svn://scm.gforge.inria.fr/svnroot/coq-contribs/trunk@809 0cf17b13-060f-0410-b1b1-c666bec9822a\n","diff":[{"file":"bench.log","status":"M","additions":79,"deletions":4},{"file":"run_partition.ml","status":"M","additions":79,"deletions":4}]},{"hash":"b0dcc627494ce17315118871b16443244f6f7129","author":"notin@0cf17b13-060f-0410-b1b1-c666bec9822a","committer":"","date":"2008-04-23T03:15:19+00:00","message":"Quelques corrections dans les fichiers description","body":"git-svn-id: svn://scm.gforge.inria.fr/svnroot/coq-contribs/trunk@778 0cf17b13-060f-0410-b1b1-c666bec9822a\n","diff":[{"file":"description","status":"M","additions":2,"deletions":1}]},{"hash":"2d9e703c2f027252cd467b36368ae30322934339","author":"notin@0cf17b13-060f-0410-b1b1-c666bec9822a","committer":"","date":"2008-04-22T17:12:51+00:00","message":"Ajout d'un champ Category dans les fichiers description","body":"git-svn-id: svn://scm.gforge.inria.fr/svnroot/coq-contribs/trunk@776 0cf17b13-060f-0410-b1b1-c666bec9822a\n","diff":[{"file":"description","status":"M","additions":3,"deletions":1}]},{"hash":"a7e443863825d127df1e663814dcea131c8be393","author":"herbelin@0cf17b13-060f-0410-b1b1-c666bec9822a","committer":"","date":"2008-04-08T13:07:46+00:00","message":"- Presburger et Bertrand: Correction Contradict dans sTactic (retour   à la version initiale mais avec simple apply au lieu de apply) - QArith_Stern_Brocot: ajout d'un simple dans un \"repeat apply\"","body":"git-svn-id: svn://scm.gforge.inria.fr/svnroot/coq-contribs/trunk@756 0cf17b13-060f-0410-b1b1-c666bec9822a\n","diff":[{"file":"run_partition.ml","status":"M","additions":50,"deletions":47},{"file":"sTactic.v","status":"M","additions":50,"deletions":47}]},{"hash":"6d6885759961a9ff76bf07b5ce46f471ec0d189b","author":"notin@0cf17b13-060f-0410-b1b1-c666bec9822a","committer":"","date":"2008-04-04T16:33:04+00:00","message":"Harmonisation des noms des contributions: première passe","body":"git-svn-id: svn://scm.gforge.inria.fr/svnroot/coq-contribs/trunk@749 0cf17b13-060f-0410-b1b1-c666bec9822a\n","diff":[{"file":"Make","status":"M","additions":7,"deletions":38},{"file":"Makefile","status":"M","additions":7,"deletions":38},{"file":"description","status":"M","additions":7,"deletions":38}]},{"hash":"58e188c0c44f8cea1a9ba5c8b2062d167cb7f542","author":"serpyc@0cf17b13-060f-0410-b1b1-c666bec9822a","committer":"","date":"2008-04-04T15:27:29+00:00","message":"Sauvegarde des bench.log","body":"git-svn-id: svn://scm.gforge.inria.fr/svnroot/coq-contribs/trunk@747 0cf17b13-060f-0410-b1b1-c666bec9822a\n","diff":[{"file":"bench.log","status":"M","additions":114,"deletions":0}]},{"hash":"3bfecd94450c734b3efe3f0a0b6201cc5d47b7d1","author":"herbelin@0cf17b13-060f-0410-b1b1-c666bec9822a","committer":"","date":"2008-04-02T07:03:01+00:00","message":"Conséquences de l'insertion de unfold dans apply. Les \"repeat apply\" se comportent parfois différemment. Parfois trop difficile de trouver une alternative autre que d'utiliser la version \"simple apply\", tant pis.","body":"git-svn-id: svn://scm.gforge.inria.fr/svnroot/coq-contribs/trunk@744 0cf17b13-060f-0410-b1b1-c666bec9822a\n","diff":[{"file":"sTactic.v","status":"M","additions":15,"deletions":9}]},{"hash":"31c947437ffdd1ebe1ee2a8880b590bc0c71c725","author":"notin@0cf17b13-060f-0410-b1b1-c666bec9822a","committer":"","date":"2008-03-08T08:41:02+00:00","message":"Réparation des Makefile (liens des exécutables ocaml)","body":"git-svn-id: svn://scm.gforge.inria.fr/svnroot/coq-contribs/trunk@703 0cf17b13-060f-0410-b1b1-c666bec9822a\n","diff":[{"file":"Makefile","status":"M","additions":7,"deletions":7}]},{"hash":"88c97092308e019309281b4c74613eccd7e67164","author":"notin@0cf17b13-060f-0410-b1b1-c666bec9822a","committer":"","date":"2008-03-07T09:54:50+00:00","message":"Mise à jour des Makefile générés par coq_makefile","body":"git-svn-id: svn://scm.gforge.inria.fr/svnroot/coq-contribs/trunk@692 0cf17b13-060f-0410-b1b1-c666bec9822a\n","diff":[{"file":".depend","status":"D","additions":119,"deletions":414},{"file":"Make","status":"D","additions":119,"deletions":414},{"file":"Makefile","status":"D","additions":119,"deletions":414},{"file":"run_partition.ml","status":"D","additions":119,"deletions":414},{"file":"why/.depend","status":"D","additions":119,"deletions":414},{"file":"why/Make","status":"D","additions":119,"deletions":414},{"file":"why/Makefile","status":"D","additions":119,"deletions":414}]},{"hash":"205590ef93a4ddb1807e94d03ac762fbb0e3b94b","author":"notin@0cf17b13-060f-0410-b1b1-c666bec9822a","committer":"","date":"2008-03-05T19:28:06+00:00","message":"Backtrack sur les révisions #650 et #652 (conséquence de la révision #10621 de coq)","body":"git-svn-id: svn://scm.gforge.inria.fr/svnroot/coq-contribs/trunk@688 0cf17b13-060f-0410-b1b1-c666bec9822a\n","diff":[{"file":"Binomial.v","status":"M","additions":2,"deletions":0}]},{"hash":"4882c9f6c678251d3b9cd3031895162f0de483ab","author":"notin@0cf17b13-060f-0410-b1b1-c666bec9822a","committer":"","date":"2008-01-08T15:45:45+00:00","message":"Correction des contribs suite à une (petite) modification dans Minus.v","body":"git-svn-id: svn://scm.gforge.inria.fr/svnroot/coq-contribs/trunk@652 0cf17b13-060f-0410-b1b1-c666bec9822a\n","diff":[{"file":"Binomial.v","status":"M","additions":8,"deletions":4},{"file":"run_partition.ml","status":"M","additions":8,"deletions":4}]},{"hash":"7c428578fb14f78777e659d6330ed6079a515f97","author":"notin@0cf17b13-060f-0410-b1b1-c666bec9822a","committer":"","date":"2007-11-23T13:58:38+00:00","message":"Sauvegarde des bench.log","body":"git-svn-id: svn://scm.gforge.inria.fr/svnroot/coq-contribs/trunk@639 0cf17b13-060f-0410-b1b1-c666bec9822a\n","diff":[{"file":"bench.log","status":"M","additions":237,"deletions":0}]},{"hash":"0467ac2d4f93e5ce0eaf34790ef396337c09b713","author":"notin@0cf17b13-060f-0410-b1b1-c666bec9822a","committer":"","date":"2007-03-13T16:31:41+00:00","message":"Sauvegarde des bench.log","body":"git-svn-id: svn://scm.gforge.inria.fr/svnroot/coq-contribs/trunk@577 0cf17b13-060f-0410-b1b1-c666bec9822a\n","diff":[{"file":"bench.log","status":"M","additions":18,"deletions":0}]},{"hash":"0571f67b6b47a2e32adfdf2f4bde55e024d2cb94","author":"notin@0cf17b13-060f-0410-b1b1-c666bec9822a","committer":"","date":"2007-02-22T15:56:55+00:00","message":"Sauvegarde des bench.log","body":"git-svn-id: svn://scm.gforge.inria.fr/svnroot/coq-contribs/trunk@569 0cf17b13-060f-0410-b1b1-c666bec9822a\n","diff":[{"file":"bench.log","status":"M","additions":729,"deletions":573}]},{"hash":"3c1532aa9764005ad155b785d6b903c1523fafb9","author":"barras@0cf17b13-060f-0410-b1b1-c666bec9822a","committer":"","date":"2006-09-28T15:25:01+00:00","message":"removed duplicated lemmas","body":"git-svn-id: svn://scm.gforge.inria.fr/svnroot/coq-contribs/trunk@498 0cf17b13-060f-0410-b1b1-c666bec9822a\n","diff":[{"file":"Binomial.v","status":"M","additions":4,"deletions":119},{"file":"PowerBinomial.v","status":"M","additions":4,"deletions":119}]},{"hash":"87a0087f79ff379a84495b077cbe8143c5abb6b1","author":"barras@0cf17b13-060f-0410-b1b1-c666bec9822a","committer":"","date":"2006-09-28T15:13:33+00:00","message":"nouveau ring","body":"git-svn-id: svn://scm.gforge.inria.fr/svnroot/coq-contribs/trunk@497 0cf17b13-060f-0410-b1b1-c666bec9822a\n","diff":[{"file":"Bertrand.v","status":"M","additions":51,"deletions":96},{"file":"Binomial.v","status":"M","additions":51,"deletions":96},{"file":"Div.v","status":"M","additions":51,"deletions":96},{"file":"DivDirac.v","status":"M","additions":51,"deletions":96},{"file":"Divides.v","status":"M","additions":51,"deletions":96},{"file":"Gcd.v","status":"M","additions":51,"deletions":96},{"file":"Misc.v","status":"M","additions":51,"deletions":96},{"file":"Power.v","status":"M","additions":51,"deletions":96},{"file":"PowerBinomial.v","status":"M","additions":51,"deletions":96},{"file":"Prime.v","status":"M","additions":51,"deletions":96},{"file":"PrimeDirac.v","status":"M","additions":51,"deletions":96},{"file":"run_partition.ml","status":"M","additions":51,"deletions":96}]},{"hash":"dba1deb092fdff8ef9273c3d62f646babe7ca08f","author":"herbelin@0cf17b13-060f-0410-b1b1-c666bec9822a","committer":"","date":"2006-09-13T10:19:56+00:00","message":"Deux rewrite inutiles suite introduction pattern-unif dans apply/rewrite","body":"git-svn-id: svn://scm.gforge.inria.fr/svnroot/coq-contribs/trunk@480 0cf17b13-060f-0410-b1b1-c666bec9822a\n","diff":[{"file":"Product.v","status":"M","additions":4,"deletions":4},{"file":"Summation.v","status":"M","additions":4,"deletions":4}]},{"hash":"965d36683a7e310d5f9f5b65cd62347f054a9cfb","author":"notin@0cf17b13-060f-0410-b1b1-c666bec9822a","committer":"","date":"2006-04-13T07:04:18+00:00","message":"Ajout des fichiers LICENSE","body":"git-svn-id: svn://scm.gforge.inria.fr/svnroot/coq-contribs/trunk@387 0cf17b13-060f-0410-b1b1-c666bec9822a\n","diff":[{"file":"LICENSE","status":"A","additions":504,"deletions":0}]},{"hash":"2173f8b5d93f74787e162a78aee9b6613565653d","author":"notin@0cf17b13-060f-0410-b1b1-c666bec9822a","committer":"","date":"2006-04-12T09:20:39+00:00","message":"Ajout de licence aux contribs","body":"git-svn-id: svn://scm.gforge.inria.fr/svnroot/coq-contribs/trunk@382 0cf17b13-060f-0410-b1b1-c666bec9822a\n","diff":[{"file":"Bertrand.v","status":"M","additions":368,"deletions":0},{"file":"Binomial.v","status":"M","additions":368,"deletions":0},{"file":"Check128.v","status":"M","additions":368,"deletions":0},{"file":"Div.v","status":"M","additions":368,"deletions":0},{"file":"DivDirac.v","status":"M","additions":368,"deletions":0},{"file":"Divides.v","status":"M","additions":368,"deletions":0},{"file":"Extraction.v","status":"M","additions":368,"deletions":0},{"file":"Factorial_bis.v","status":"M","additions":368,"deletions":0},{"file":"Gcd.v","status":"M","additions":368,"deletions":0},{"file":"Knuth_def.v","status":"M","additions":368,"deletions":0},{"file":"Knuth_why.v","status":"M","additions":368,"deletions":0},{"file":"Misc.v","status":"M","additions":368,"deletions":0},{"file":"Partition.v","status":"M","additions":368,"deletions":0},{"file":"Power.v","status":"M","additions":368,"deletions":0},{"file":"PowerBinomial.v","status":"M","additions":368,"deletions":0},{"file":"PowerDiv.v","status":"M","additions":368,"deletions":0},{"file":"Prime.v","status":"M","additions":368,"deletions":0},{"file":"PrimeDirac.v","status":"M","additions":368,"deletions":0},{"file":"Product.v","status":"M","additions":368,"deletions":0},{"file":"Raux.v","status":"M","additions":368,"deletions":0},{"file":"Summation.v","status":"M","additions":368,"deletions":0},{"file":"sTactic.v","status":"M","additions":368,"deletions":0},{"file":"why/WhyArrays.v","status":"M","additions":368,"deletions":0}]},{"hash":"dc17a86768f7482027130ac193e5e5c5597fc8ef","author":"gregoire@0cf17b13-060f-0410-b1b1-c666bec9822a","committer":"","date":"2005-12-02T10:03:22+00:00","message":"Repercussion des changement fait dans coq","body":"git-svn-id: svn://scm.gforge.inria.fr/svnroot/coq-contribs/trunk@210 0cf17b13-060f-0410-b1b1-c666bec9822a\n","diff":[{"file":"Check128.v","status":"M","additions":5,"deletions":4},{"file":"run_partition.ml","status":"M","additions":5,"deletions":4}]},{"hash":"dc422e6e3072daa318eee047232e719755f47a1c","author":"coq@0cf17b13-060f-0410-b1b1-c666bec9822a","committer":"","date":"2004-12-07T10:35:34+00:00","message":"generated files removed from CVS","body":"git-svn-id: svn://scm.gforge.inria.fr/svnroot/coq-contribs/trunk@134 0cf17b13-060f-0410-b1b1-c666bec9822a\n","diff":[{"file":"partition.ml","status":"D","additions":0,"deletions":262},{"file":"partition.mli","status":"D","additions":0,"deletions":262}]},{"hash":"16b1f0d8d3c590ee83f58788bdfcaa588328f3a2","author":"filliatr@0cf17b13-060f-0410-b1b1-c666bec9822a","committer":"","date":"2004-12-02T12:45:26+00:00","message":"*** empty log message ***","body":"git-svn-id: svn://scm.gforge.inria.fr/svnroot/coq-contribs/trunk@98 0cf17b13-060f-0410-b1b1-c666bec9822a\n","diff":[{"file":"bench.log","status":"M","additions":3,"deletions":0}]},{"hash":"f0662c5d59af9277b68c4e0d91320c7253eb7703","author":"filliatr@0cf17b13-060f-0410-b1b1-c666bec9822a","committer":"","date":"2004-11-29T13:11:42+00:00","message":"bench.log","body":"git-svn-id: svn://scm.gforge.inria.fr/svnroot/coq-contribs/trunk@94 0cf17b13-060f-0410-b1b1-c666bec9822a\n","diff":[{"file":"bench.log","status":"M","additions":127,"deletions":0}]},{"hash":"57e760fb09773b09113ce368877a2eb209cf8800","author":"herbelin@0cf17b13-060f-0410-b1b1-c666bec9822a","committer":"","date":"2004-06-14T11:15:56+00:00","message":"Accents, uniformisation","body":"git-svn-id: svn://scm.gforge.inria.fr/svnroot/coq-contribs/trunk@59 0cf17b13-060f-0410-b1b1-c666bec9822a\n","diff":[{"file":"description","status":"M","additions":2,"deletions":2}]},{"hash":"4939db7076f3a54c6664b02b3d107b466aff21d6","author":"filliatr@0cf17b13-060f-0410-b1b1-c666bec9822a","committer":"","date":"2004-05-12T06:31:24+00:00","message":"bench.log","body":"git-svn-id: svn://scm.gforge.inria.fr/svnroot/coq-contribs/trunk@35 0cf17b13-060f-0410-b1b1-c666bec9822a\n","diff":[{"file":"bench.log","status":"M","additions":126,"deletions":194},{"file":"partition.ml","status":"M","additions":126,"deletions":194},{"file":"partition.mli","status":"M","additions":126,"deletions":194},{"file":"run_partition.ml","status":"M","additions":126,"deletions":194}]},{"hash":"54a31387567f86374547e9e6dd7128b8d9e70847","author":"filliatr@0cf17b13-060f-0410-b1b1-c666bec9822a","committer":"","date":"2004-04-30T07:13:07+00:00","message":"bench.log sous CVS","body":"git-svn-id: svn://scm.gforge.inria.fr/svnroot/coq-contribs/trunk@26 0cf17b13-060f-0410-b1b1-c666bec9822a\n","diff":[{"file":"bench.log","status":"A","additions":433,"deletions":0}]},{"hash":"4f080c053daac4dc73f1847e28420c8f54604260","author":"narboux@0cf17b13-060f-0410-b1b1-c666bec9822a","committer":"","date":"2004-03-29T10:14:45+00:00","message":"Initial revision","body":"git-svn-id: svn://scm.gforge.inria.fr/svnroot/coq-contribs/trunk@2 0cf17b13-060f-0410-b1b1-c666bec9822a\n","diff":[{"file":".depend","status":"A","additions":6543,"deletions":0},{"file":"Bertrand.v","status":"A","additions":6543,"deletions":0},{"file":"Binomial.v","status":"A","additions":6543,"deletions":0},{"file":"Check128.v","status":"A","additions":6543,"deletions":0},{"file":"Div.v","status":"A","additions":6543,"deletions":0},{"file":"DivDirac.v","status":"A","additions":6543,"deletions":0},{"file":"Divides.v","status":"A","additions":6543,"deletions":0},{"file":"Extraction.v","status":"A","additions":6543,"deletions":0},{"file":"Factorial_bis.v","status":"A","additions":6543,"deletions":0},{"file":"Gcd.v","status":"A","additions":6543,"deletions":0},{"file":"Knuth.mlw","status":"A","additions":6543,"deletions":0},{"file":"Knuth_def.v","status":"A","additions":6543,"deletions":0},{"file":"Knuth_why.v","status":"A","additions":6543,"deletions":0},{"file":"Make","status":"A","additions":6543,"deletions":0},{"file":"Makefile","status":"A","additions":6543,"deletions":0},{"file":"Misc.v","status":"A","additions":6543,"deletions":0},{"file":"Partition.v","status":"A","additions":6543,"deletions":0},{"file":"Power.v","status":"A","additions":6543,"deletions":0},{"file":"PowerBinomial.v","status":"A","additions":6543,"deletions":0},{"file":"PowerDiv.v","status":"A","additions":6543,"deletions":0},{"file":"Prime.v","status":"A","additions":6543,"deletions":0},{"file":"PrimeDirac.v","status":"A","additions":6543,"deletions":0},{"file":"Product.v","status":"A","additions":6543,"deletions":0},{"file":"README","status":"A","additions":6543,"deletions":0},{"file":"Raux.v","status":"A","additions":6543,"deletions":0},{"file":"Summation.v","status":"A","additions":6543,"deletions":0},{"file":"description","status":"A","additions":6543,"deletions":0},{"file":"ex1.ml","status":"A","additions":6543,"deletions":0},{"file":"ex2.ml","status":"A","additions":6543,"deletions":0},{"file":"partition.ml","status":"A","additions":6543,"deletions":0},{"file":"partition.mli","status":"A","additions":6543,"deletions":0},{"file":"run_partition.ml","status":"A","additions":6543,"deletions":0},{"file":"sTactic.v","status":"A","additions":6543,"deletions":0},{"file":"why/.depend","status":"A","additions":6543,"deletions":0},{"file":"why/Make","status":"A","additions":6543,"deletions":0},{"file":"why/Makefile","status":"A","additions":6543,"deletions":0},{"file":"why/WhyArrays.v","status":"A","additions":6543,"deletions":0}]}]