[{"hash":"078d16102fc0a28f6a96525703ddd272df0e3ba9","author":"Hugo.Herbelin@inria.fr","committer":"Hugo.Herbelin@inria.fr","date":"2016-10-23T19:45:01+02:00","message":"Standard format for date in file description.","body":"","diff":[{"file":"description","status":"M","additions":1,"deletions":1}]},{"hash":"15570a58c898834d0a21394869546dc7961fdc37","author":"pierre.letouzey@inria.fr","committer":"pierre.letouzey@inria.fr","date":"2016-06-24T16:49:29+02:00","message":"Makefile: no more message about a Circular Make <- Makefile.coq dependency dropped","body":"","diff":[{"file":"Makefile","status":"M","additions":2,"deletions":0}]},{"hash":"af1506b3c7a3f7619548f3b6e5d2a37335de9657","author":"m4tej.kosik@gmail.com","committer":"m4tej.kosik@gmail.com","date":"2016-05-25T18:23:42+02:00","message":"Merge branch 'v8.5'","body":"","diff":[]},{"hash":"4e12e5b0668cf9b8ef34795e4409d5206ba3a9c5","author":"m4tej.kosik@gmail.com","committer":"m4tej.kosik@gmail.com","date":"2016-04-26T18:39:59+02:00","message":"updating Makefile","body":"","diff":[{"file":"Makefile","status":"M","additions":10,"deletions":172}]},{"hash":"ca5f0af6159b229f5e18166d94c5c0e18cc2c918","author":"m4tej.kosik@gmail.com","committer":"m4tej.kosik@gmail.com","date":"2016-04-26T18:39:58+02:00","message":"updating Makefile","body":"","diff":[{"file":"Makefile","status":"M","additions":1,"deletions":1}]},{"hash":"50cb62b75ec29f7c68e171674022b4624eb3f7e7","author":"pierre-marie.pedrot@inria.fr","committer":"","date":"2016-03-18T19:07:54+01:00","message":"Auto-generating Makefile.","body":"","diff":[{"file":"Makefile","status":"M","additions":10,"deletions":172}]},{"hash":"3db18dc100791acf34af2290d32cafd5b52a4679","author":"m4tej.kosik@gmail.com","committer":"m4tej.kosik@gmail.com","date":"2016-03-15T19:29:34+01:00","message":"CLEANUP: \"Make\" file","body":"","diff":[{"file":"Make","status":"M","additions":1,"deletions":0}]},{"hash":"4bf59397dfaf69f2422be09b98fc7d905ba87179","author":"ppedrot@0cf17b13-060f-0410-b1b1-c666bec9822a","committer":"","date":"2014-02-12T18:44:48+00:00","message":"Revert \"Regenerating Makefiles.\" We will be able to do so when we have access to the newbench machine.","body":"git-svn-id: svn://scm.gforge.inria.fr/svnroot/coq-contribs/trunk@2489 0cf17b13-060f-0410-b1b1-c666bec9822a\n","diff":[{"file":"Makefile","status":"M","additions":106,"deletions":183}]},{"hash":"190cbb7bb50a10ef6be63459173ef18a0c22b79c","author":"ppedrot@0cf17b13-060f-0410-b1b1-c666bec9822a","committer":"","date":"2014-02-11T16:17:04+00:00","message":"Regenerating Makefiles. They were quite outdated and spat a lot of warning related to deprecated features. This should work as-is, but I am still crossing my fingers.","body":"git-svn-id: svn://scm.gforge.inria.fr/svnroot/coq-contribs/trunk@2484 0cf17b13-060f-0410-b1b1-c666bec9822a\n","diff":[{"file":"Makefile","status":"M","additions":183,"deletions":106}]},{"hash":"06575d857bfba592ab113d9750f27a805e209d81","author":"pboutill@0cf17b13-060f-0410-b1b1-c666bec9822a","committer":"","date":"2012-07-16T17:23:02+00:00","message":"Get ready for the change of syntax in patterns","body":"git-svn-id: svn://scm.gforge.inria.fr/svnroot/coq-contribs/trunk@2033 0cf17b13-060f-0410-b1b1-c666bec9822a\n","diff":[{"file":"Euler1.v","status":"M","additions":2,"deletions":0}]},{"hash":"f7b310a512a65a43dcca48433faeb15fc64102df","author":"pboutill@0cf17b13-060f-0410-b1b1-c666bec9822a","committer":"","date":"2012-01-17T17:30:22+00:00","message":"make.log and bench.log are files from local bench","body":"They are deleted and ignored in the depo.\n\ngit-svn-id: svn://scm.gforge.inria.fr/svnroot/coq-contribs/trunk@1724 0cf17b13-060f-0410-b1b1-c666bec9822a\n","diff":[{"file":"bench.log","status":"D","additions":0,"deletions":608}]},{"hash":"8d7ad01333a5c58831006e46b8f5bebcfc7919be","author":"serpyc@0cf17b13-060f-0410-b1b1-c666bec9822a","committer":"","date":"2009-11-16T14:24:55+00:00","message":"Sauvegarde des bench.log","body":"git-svn-id: svn://scm.gforge.inria.fr/svnroot/coq-contribs/trunk@1075 0cf17b13-060f-0410-b1b1-c666bec9822a\n","diff":[{"file":"bench.log","status":"M","additions":78,"deletions":0}]},{"hash":"97edbf32c1a9b01ba732e3c8a00ea3a473be6718","author":"serpyc@0cf17b13-060f-0410-b1b1-c666bec9822a","committer":"","date":"2009-08-19T12:41:28+00:00","message":"sauvegarde des bench.log","body":"git-svn-id: svn://scm.gforge.inria.fr/svnroot/coq-contribs/trunk@1016 0cf17b13-060f-0410-b1b1-c666bec9822a\n","diff":[{"file":"bench.log","status":"M","additions":353,"deletions":0}]},{"hash":"5f30d41b1c123338907ce58902562484aba35294","author":"notin@0cf17b13-060f-0410-b1b1-c666bec9822a","committer":"","date":"2009-06-23T11:13:05+00:00","message":"Report des révisions #982 et #983 de la branche v8.2 vers le trunk","body":"git-svn-id: svn://scm.gforge.inria.fr/svnroot/coq-contribs/trunk@987 0cf17b13-060f-0410-b1b1-c666bec9822a\n","diff":[{"file":"description","status":"M","additions":0,"deletions":1}]},{"hash":"6a46ad46e457bdb33f4f7e8dc9436f2653f53104","author":"serpyc@0cf17b13-060f-0410-b1b1-c666bec9822a","committer":"","date":"2008-07-30T13:09:12+00:00","message":"Sauvergarde des bench.log","body":"git-svn-id: svn://scm.gforge.inria.fr/svnroot/coq-contribs/trunk@829 0cf17b13-060f-0410-b1b1-c666bec9822a\n","diff":[{"file":"bench.log","status":"M","additions":36,"deletions":0}]},{"hash":"f8788324acbd4212ac37ef997abfcfcbcd4cffc7","author":"serpyc@0cf17b13-060f-0410-b1b1-c666bec9822a","committer":"","date":"2008-06-17T13:38:56+00:00","message":"Sauvegarde des bench.log","body":"git-svn-id: svn://scm.gforge.inria.fr/svnroot/coq-contribs/trunk@809 0cf17b13-060f-0410-b1b1-c666bec9822a\n","diff":[{"file":"bench.log","status":"M","additions":75,"deletions":0}]},{"hash":"a65e15703b34ad1a8a3d0164b12da0619de99122","author":"notin@0cf17b13-060f-0410-b1b1-c666bec9822a","committer":"","date":"2008-04-28T11:18:11+00:00","message":"Mise à jour des fichiers description (principalement des mots clés)","body":"git-svn-id: svn://scm.gforge.inria.fr/svnroot/coq-contribs/trunk@786 0cf17b13-060f-0410-b1b1-c666bec9822a\n","diff":[{"file":"description","status":"M","additions":1,"deletions":1}]},{"hash":"943fdd6ad34744d0e0d42258ee4ccab693621ae0","author":"notin@0cf17b13-060f-0410-b1b1-c666bec9822a","committer":"","date":"2008-04-22T17:12:51+00:00","message":"Ajout d'un champ Category dans les fichiers description","body":"git-svn-id: svn://scm.gforge.inria.fr/svnroot/coq-contribs/trunk@776 0cf17b13-060f-0410-b1b1-c666bec9822a\n","diff":[{"file":"description","status":"M","additions":1,"deletions":0}]},{"hash":"3b8a83449e55294063ed530d62aed20e527f5be3","author":"serpyc@0cf17b13-060f-0410-b1b1-c666bec9822a","committer":"","date":"2008-04-04T15:37:14+00:00","message":"Ajout des fichiers bench.log manquants","body":"git-svn-id: svn://scm.gforge.inria.fr/svnroot/coq-contribs/trunk@748 0cf17b13-060f-0410-b1b1-c666bec9822a\n","diff":[{"file":"bench.log","status":"A","additions":66,"deletions":0}]},{"hash":"e01a164924369169ecd713718e7d00efbfa5d50a","author":"notin@0cf17b13-060f-0410-b1b1-c666bec9822a","committer":"","date":"2008-03-08T08:41:02+00:00","message":"Réparation des Makefile (liens des exécutables ocaml)","body":"git-svn-id: svn://scm.gforge.inria.fr/svnroot/coq-contribs/trunk@703 0cf17b13-060f-0410-b1b1-c666bec9822a\n","diff":[{"file":"Makefile","status":"M","additions":7,"deletions":7}]},{"hash":"8de00977ddef51dc6cb0bf2647c3990e572999a7","author":"notin@0cf17b13-060f-0410-b1b1-c666bec9822a","committer":"","date":"2008-03-07T09:54:50+00:00","message":"Mise à jour des Makefile générés par coq_makefile","body":"git-svn-id: svn://scm.gforge.inria.fr/svnroot/coq-contribs/trunk@692 0cf17b13-060f-0410-b1b1-c666bec9822a\n","diff":[{"file":".depend","status":"D","additions":60,"deletions":58},{"file":"Make","status":"D","additions":60,"deletions":58},{"file":"Makefile","status":"D","additions":60,"deletions":58}]},{"hash":"6b54be31a75864c3478725d269dbd5a5d271f59c","author":"notin@0cf17b13-060f-0410-b1b1-c666bec9822a","committer":"","date":"2008-02-04T16:58:21+00:00","message":"Cosmétique","body":"git-svn-id: svn://scm.gforge.inria.fr/svnroot/coq-contribs/trunk@670 0cf17b13-060f-0410-b1b1-c666bec9822a\n","diff":[{"file":"README","status":"M","additions":37,"deletions":10}]},{"hash":"c050fb984ef26e3023b64f49f5db93c83c8f2cd6","author":"notin@0cf17b13-060f-0410-b1b1-c666bec9822a","committer":"","date":"2008-02-04T14:21:10+00:00","message":"Maj de la contribution EulerFormula à partir des fichiers envoyés par l'auteur","body":"git-svn-id: svn://scm.gforge.inria.fr/svnroot/coq-contribs/trunk@669 0cf17b13-060f-0410-b1b1-c666bec9822a\n","diff":[{"file":"Euler1.v","status":"M","additions":866,"deletions":51},{"file":"Euler2.v","status":"M","additions":866,"deletions":51},{"file":"Euler3.v","status":"M","additions":866,"deletions":51},{"file":"README","status":"M","additions":866,"deletions":51}]},{"hash":"4540ba8f4c5868cead2ddeaa7476b79f6ddecf21","author":"notin@0cf17b13-060f-0410-b1b1-c666bec9822a","committer":"","date":"2008-01-15T15:45:53+00:00","message":"Cosméthique dans EulerFormula","body":"git-svn-id: svn://scm.gforge.inria.fr/svnroot/coq-contribs/trunk@660 0cf17b13-060f-0410-b1b1-c666bec9822a\n","diff":[{"file":"README","status":"M","additions":35,"deletions":10}]},{"hash":"a1d149aabac2380753969aa55d5a2280ca645461","author":"notin@0cf17b13-060f-0410-b1b1-c666bec9822a","committer":"","date":"2008-01-15T15:31:47+00:00","message":"Licence pour EulerFormula","body":"git-svn-id: svn://scm.gforge.inria.fr/svnroot/coq-contribs/trunk@659 0cf17b13-060f-0410-b1b1-c666bec9822a\n","diff":[{"file":"description","status":"M","additions":1,"deletions":1}]},{"hash":"05bebfe542b3f4c08c76b8e90f31512ca9214819","author":"notin@0cf17b13-060f-0410-b1b1-c666bec9822a","committer":"","date":"2008-01-15T15:02:13+00:00","message":"Typo","body":"git-svn-id: svn://scm.gforge.inria.fr/svnroot/coq-contribs/trunk@658 0cf17b13-060f-0410-b1b1-c666bec9822a\n","diff":[{"file":"description","status":"M","additions":1,"deletions":1}]},{"hash":"5fab5a85e57dae738cd22089eefbf8ee40d15e66","author":"notin@0cf17b13-060f-0410-b1b1-c666bec9822a","committer":"","date":"2008-01-15T14:55:29+00:00","message":"Ajout de la contribution EulerFormula","body":"git-svn-id: svn://scm.gforge.inria.fr/svnroot/coq-contribs/trunk@656 0cf17b13-060f-0410-b1b1-c666bec9822a\n","diff":[{"file":".depend","status":"A","additions":7611,"deletions":0},{"file":"Euler1.v","status":"A","additions":7611,"deletions":0},{"file":"Euler2.v","status":"A","additions":7611,"deletions":0},{"file":"Euler3.v","status":"A","additions":7611,"deletions":0},{"file":"Make","status":"A","additions":7611,"deletions":0},{"file":"Makefile","status":"A","additions":7611,"deletions":0},{"file":"README","status":"A","additions":7611,"deletions":0},{"file":"description","status":"A","additions":7611,"deletions":0}]}]