[{"hash":"807e4f6c45e30c8abb650d5af34327e5498ba6cf","author":"alexandreloiko@gmail.com","committer":"alexandreloiko@gmail.com","date":"2022-08-08T23:44:18+02:00","message":"pm in latex","body":"","diff":[{"file":"README.md","status":"M","additions":1,"deletions":1}]},{"hash":"91701addc69f6d2a80273d9a63ab76d89e997370","author":"alexandreloiko@gmail.com","committer":"alexandreloiko@gmail.com","date":"2022-08-08T23:39:53+02:00","message":"no opam","body":"","diff":[{"file":"README.md","status":"M","additions":2,"deletions":12}]},{"hash":"e324e37a1a36f696691c71da4202b2ada6d5c604","author":"alexandreloiko@gmail.com","committer":"alexandreloiko@gmail.com","date":"2022-08-08T23:37:57+02:00","message":"Added meta.yml, dune and opam build system, coqdoc, licence; rewrote README","body":"","diff":[{"file":"CHANGELOG.md","status":"A","additions":376,"deletions":50},{"file":"LICENCE","status":"A","additions":376,"deletions":50},{"file":"README.md","status":"A","additions":376,"deletions":50},{"file":"TODOs.md","status":"A","additions":376,"deletions":50},{"file":"coq-friendship-theorem.opam","status":"A","additions":376,"deletions":50},{"file":"dune-project","status":"A","additions":376,"deletions":50},{"file":"meta.yml","status":"A","additions":376,"deletions":50},{"file":"theories/adj2_matrix.v","status":"A","additions":376,"deletions":50},{"file":"theories/dune","status":"A","additions":376,"deletions":50}]},{"hash":"62a788ac863c7941b4199cb97f11d2339562ebec","author":"alexandreloiko@gmail.com","committer":"alexandreloiko@gmail.com","date":"2022-08-06T15:00:17+02:00","message":"Theorem formulation","body":"","diff":[{"file":"README.md","status":"M","additions":8,"deletions":3}]},{"hash":"20b52c5014536d3f30de7a8353e8cce2c703ab9e","author":"alexandreloiko@gmail.com","committer":"alexandreloiko@gmail.com","date":"2022-08-06T14:57:02+02:00","message":"Updated README","body":"","diff":[{"file":"README.md","status":"M","additions":6,"deletions":6}]},{"hash":"e9edda8d6ca36883b6e0ba97608abdbe286060b0","author":"alexandreloiko@gmail.com","committer":"alexandreloiko@gmail.com","date":"2022-08-06T14:56:07+02:00","message":"New better formulation and reduction to the previous version.","body":"","diff":[{"file":"CHANGELOG.md","status":"A","additions":104,"deletions":17},{"file":"README.md","status":"A","additions":104,"deletions":17},{"file":"_CoqProject","status":"A","additions":104,"deletions":17},{"file":"theories/combinatorics.v","status":"A","additions":104,"deletions":17},{"file":"theories/friendship_theorem.v","status":"A","additions":104,"deletions":17},{"file":"theories/statement_reduction.v","status":"A","additions":104,"deletions":17}]},{"hash":"c68224bdbe9782e0468b4f65633731b5005850a6","author":"alexandreloiko@gmail.com","committer":"alexandreloiko@gmail.com","date":"2022-08-06T10:15:58+02:00","message":"added a changelog","body":"","diff":[{"file":"CHANGELOG.md","status":"A","additions":9,"deletions":0}]},{"hash":"ff1f2f70521f4c2ddf8b658a71c650724f72a21f","author":"alexandreloiko@gmail.com","committer":"alexandreloiko@gmail.com","date":"2022-08-06T10:14:50+02:00","message":"Simplified casts and used sigW","body":"","diff":[{"file":"theories/combinatorics.v","status":"M","additions":15,"deletions":85},{"file":"theories/friendship_theorem.v","status":"M","additions":15,"deletions":85},{"file":"theories/matrix_casts.v","status":"M","additions":15,"deletions":85}]},{"hash":"1b02b352a968bb32a42ba7cbcf8586fc08940e62","author":"alexandreloiko@gmail.com","committer":"alexandreloiko@gmail.com","date":"2022-08-05T16:30:04+02:00","message":"It's DONE :-)","body":"","diff":[{"file":"README.md","status":"A","additions":216,"deletions":95},{"file":"_CoqProject","status":"A","additions":216,"deletions":95},{"file":"theories/bigops.v","status":"A","additions":216,"deletions":95},{"file":"theories/combinatorics.v","status":"A","additions":216,"deletions":95},{"file":"theories/friendship_theorem.v","status":"A","additions":216,"deletions":95},{"file":"theories/matrix_casts.v","status":"A","additions":216,"deletions":95}]},{"hash":"035c1163bafbb0af736cda9d8ddb7ebd91965f7b","author":"alexandreloiko@gmail.com","committer":"alexandreloiko@gmail.com","date":"2022-08-05T12:30:58+02:00","message":"Adj matrix properties and cases k=1, k=2","body":"","diff":[{"file":"README.md","status":"M","additions":541,"deletions":11},{"file":"theories/combinatorics.v","status":"M","additions":541,"deletions":11}]},{"hash":"3dcd3409d316b99a3bb61b1140e9dd8475b15f5b","author":"alexandreloiko@gmail.com","committer":"alexandreloiko@gmail.com","date":"2022-08-04T16:56:31+02:00","message":"A2 diagonal","body":"","diff":[{"file":"theories/combinatorics.v","status":"M","additions":69,"deletions":2}]},{"hash":"faf00a5b89afb51050c925c29293efd96a60200c","author":"alexandreloiko@gmail.com","committer":"alexandreloiko@gmail.com","date":"2022-08-04T11:28:34+02:00","message":"Proved regularity and n>=1, k>=1. n=k*k-k+1 and construct adj matrix left.","body":"","diff":[{"file":"theories/combinatorics.v","status":"M","additions":59,"deletions":5}]},{"hash":"b30d7c1bf45e4a9e9370932e6465189d6857235e","author":"alexandreloiko@gmail.com","committer":"alexandreloiko@gmail.com","date":"2022-08-04T09:56:22+02:00","message":"showing graph regularity","body":"","diff":[{"file":"theories/adj2_matrix.v","status":"M","additions":125,"deletions":25},{"file":"theories/combinatorics.v","status":"M","additions":125,"deletions":25}]},{"hash":"628352793368c3b7387f0c0b55853bda426b7321","author":"alexandreloiko@gmail.com","committer":"alexandreloiko@gmail.com","date":"2022-08-03T20:40:18+02:00","message":"New tactic, started on the combinatorics part","body":"","diff":[{"file":"_CoqProject","status":"A","additions":133,"deletions":27},{"file":"theories/adj2_matrix.v","status":"A","additions":133,"deletions":27},{"file":"theories/combinatorics.v","status":"A","additions":133,"deletions":27},{"file":"theories/divisibility.v","status":"A","additions":133,"deletions":27}]},{"hash":"a481875f27cfc72a42b96cf7e8b99493074e7d8b","author":"alexandreloiko@gmail.com","committer":"alexandreloiko@gmail.com","date":"2022-08-01T21:16:08+02:00","message":"K is 2; continue with combinatorics","body":"","diff":[{"file":"theories/divisibility.v","status":"M","additions":41,"deletions":3}]},{"hash":"22c428279f34a46be654fb5e5058abada1c77ae9","author":"alexandreloiko@gmail.com","committer":"alexandreloiko@gmail.com","date":"2022-08-01T20:24:18+02:00","message":"Remove prints","body":"","diff":[{"file":"theories/divisibility.v","status":"M","additions":3,"deletions":15}]},{"hash":"6014d9a89b61ee9359e18585b81b6b04c9149714","author":"alexandreloiko@gmail.com","committer":"alexandreloiko@gmail.com","date":"2022-08-01T20:21:50+02:00","message":"Almost done with the divisibility. Combinatorics left.","body":"","diff":[{"file":"Makefile","status":"A","additions":464,"deletions":222},{"file":"_CoqProject","status":"A","additions":464,"deletions":222},{"file":"theories/adj2_matrix.v","status":"A","additions":464,"deletions":222},{"file":"theories/bigops.v","status":"A","additions":464,"deletions":222},{"file":"theories/divisibility.v","status":"A","additions":464,"deletions":222},{"file":"theories/matrix_lemmas.v","status":"A","additions":464,"deletions":222},{"file":"theories/square_char_poly.v","status":"A","additions":464,"deletions":222}]},{"hash":"9e806f31e06628efb1b4e9d1cbd96819e256ae13","author":"alexandreloiko@gmail.com","committer":"alexandreloiko@gmail.com","date":"2022-07-29T12:05:01+02:00","message":"May understand require import and physical / logical roots better now. Read https://blog.zhen-zhang.com/2016/09/19/coq-dev.html","body":"","diff":[{"file":"_CoqProject","status":"M","additions":145,"deletions":39},{"file":"theories/adj2_matrix.v","status":"M","additions":145,"deletions":39},{"file":"theories/square_char_poly.v","status":"M","additions":145,"deletions":39}]},{"hash":"10dfedb0e6e11d277ce0712dc868a4918bf8bb49","author":"alexandreloiko@gmail.com","committer":"alexandreloiko@gmail.com","date":"2022-07-29T00:09:11+02:00","message":"polynomials","body":"","diff":[{"file":"theories/square_char_poly.v","status":"M","additions":193,"deletions":1}]},{"hash":"d3c66c6997d4cb3176c39d23c7cae88158695c33","author":"alexandreloiko@gmail.com","committer":"alexandreloiko@gmail.com","date":"2022-07-28T18:41:00+02:00","message":"forgot one file","body":"","diff":[{"file":"theories/square_char_poly.v","status":"A","additions":115,"deletions":0}]},{"hash":"02aca59c38ecc3f5ceae98666b755c4182a792d7","author":"alexandreloiko@gmail.com","committer":"alexandreloiko@gmail.com","date":"2022-07-28T18:40:35+02:00","message":"tried to split into files; don't understand the module / import system","body":"","diff":[{"file":"README.md","status":"A","additions":515,"deletions":730},{"file":"_CoqProject","status":"A","additions":515,"deletions":730},{"file":"theories/adj2_matrix.v","status":"A","additions":515,"deletions":730},{"file":"theories/adj_matrix_props.v","status":"A","additions":515,"deletions":730},{"file":"theories/matrix_lemmas.v","status":"A","additions":515,"deletions":730}]},{"hash":"1b046244625c119175dffaa0c4a5c87660684a3d","author":"alexandreloiko@gmail.com","committer":"alexandreloiko@gmail.com","date":"2022-07-28T17:58:19+02:00","message":"det x^2-A^2 lemma done","body":"","diff":[{"file":"theories/adj_matrix_props.v","status":"M","additions":61,"deletions":4}]},{"hash":"d939b48a3f00fae4d241cfeda30def5367a17838","author":"alexandreloiko@gmail.com","committer":"alexandreloiko@gmail.com","date":"2022-07-28T13:48:12+02:00","message":"More work on det(A^2-x^2I)","body":"","diff":[{"file":"theories/adj_matrix_props.v","status":"M","additions":86,"deletions":6}]},{"hash":"d82d6a1f86232385234a6aad80c5aea487ebe5b0","author":"alexandreloiko@gmail.com","committer":"alexandreloiko@gmail.com","date":"2022-07-27T12:36:43+02:00","message":"Changed to algebraic complex numbers, started the 'det A^2 - x^2' proof.","body":"","diff":[{"file":"theories/adj_matrix_props.v","status":"M","additions":155,"deletions":23}]},{"hash":"8e88b7b4fb810596a7c7ee7cf621ea474674ef0f","author":"alexandreloiko@gmail.com","committer":"alexandreloiko@gmail.com","date":"2022-07-25T17:34:51+02:00","message":"Formulated matrix root charpoly lemmas.","body":"I *think* they are correct and reasonably simply provable. OK,\nnot really, I think I need to change the field to one that has\nsquare roots for the the first admitted lemma to be hold.\nI have a pen-and-paper proof of polys_and_squares_technical_lemma\nand adj_mtx_char_poly mtx is more or less a specialization. I\nshould change the field to alg closed at once, since I need FTA\nfor linearly factorizable char poly.\n","diff":[{"file":"theories/adj_matrix_props.v","status":"M","additions":29,"deletions":72}]},{"hash":"59394a77720f289e552b7b5dc617479d1358a4d1","author":"alexandreloiko@gmail.com","committer":"alexandreloiko@gmail.com","date":"2022-07-25T12:28:03+02:00","message":"Finished previously admitted adj2 block structure lemma","body":"","diff":[{"file":"README.md","status":"M","additions":47,"deletions":21},{"file":"theories/adj_matrix_props.v","status":"M","additions":47,"deletions":21}]},{"hash":"e826bfd731205a3e16fbe3adb530a771e4e8e471","author":"alexandreloiko@gmail.com","committer":"alexandreloiko@gmail.com","date":"2022-07-25T11:33:26+02:00","message":"TODOs in README","body":"","diff":[{"file":".gitignore","status":"M","additions":27,"deletions":3},{"file":"README.md","status":"M","additions":27,"deletions":3},{"file":"_CoqProject","status":"M","additions":27,"deletions":3},{"file":"theories/adj_matrix_props.v","status":"M","additions":27,"deletions":3}]},{"hash":"568bc9907cedc4e4f56df51238b80c653ee47fda","author":"alexandreloiko@gmail.com","committer":"alexandreloiko@gmail.com","date":"2022-07-25T10:55:20+02:00","message":"A make system. Now it compiles","body":"","diff":[{"file":".gitignore","status":"A","additions":29,"deletions":7},{"file":"Makefile","status":"A","additions":29,"deletions":7},{"file":"_CoqProject","status":"A","additions":29,"deletions":7},{"file":"matrices.v","status":"A","additions":29,"deletions":7}]},{"hash":"d153d3f25f9ec813da63ecccbbf27ac09a1fe6cd","author":"alexandreloiko@gmail.com","committer":"alexandreloiko@gmail.com","date":"2022-07-25T10:40:17+02:00","message":"Done with diagonalization of adj2 and char_poly of adj2","body":"","diff":[{"file":"matrices.v","status":"M","additions":165,"deletions":51}]},{"hash":"1c3c361224c5cf97f2e323dde01ce89ab9024eb0","author":"alexandreloiko@gmail.com","committer":"alexandreloiko@gmail.com","date":"2022-07-24T00:53:39+02:00","message":"on my way to diagonalization; fixed the characteristic 0 thing","body":"","diff":[{"file":"matrices.v","status":"M","additions":184,"deletions":49}]},{"hash":"b197fae79b886a10dc23e7b6104868d70bdfeaae","author":"alexandreloiko@gmail.com","committer":"alexandreloiko@gmail.com","date":"2022-07-23T13:37:25+02:00","message":"proofs so far slightly cleaned up","body":"","diff":[{"file":"matrices.v","status":"M","additions":76,"deletions":169}]},{"hash":"fd85d3d1c8c3a1f8ee93c681711802e16820f280","author":"alexandreloiko@gmail.com","committer":"alexandreloiko@gmail.com","date":"2022-07-23T00:22:24+02:00","message":"math comp doesn't have theorems about field characteristic?","body":"","diff":[{"file":"matrices.v","status":"M","additions":48,"deletions":49}]},{"hash":"669793b2737dbb9fb81a301040c02fbc9b788448","author":"alexandreloiko@gmail.com","committer":"alexandreloiko@gmail.com","date":"2022-07-22T18:36:15+02:00","message":"Some matrix theory","body":"","diff":[{"file":"matrices.v","status":"A","additions":323,"deletions":0}]},{"hash":"b5c2a4f2c97bf021e485210372aed362d83bb527","author":"loiko@kth.se","committer":"loiko@kth.se","date":"2022-07-22T18:30:22+02:00","message":"First commit.","body":"","diff":[{"file":"README.md","status":"A","additions":2,"deletions":0}]}]