[{"hash":"20eadb07611a90e29c1c6c2106d10c1c0d8a7750","author":"fabi.wolff@arcor.de","committer":"fabi.wolff@arcor.de","date":"2020-12-22T15:21:21+01:00","message":"Add README.md","body":"","diff":[{"file":"README.md","status":"A","additions":17,"deletions":0}]},{"hash":"af342ae1998881556af677932ffa65451bee7073","author":"fabi.wolff@arcor.de","committer":"fabi.wolff@arcor.de","date":"2020-12-22T15:09:23+01:00","message":"Add .gitignore","body":"","diff":[{"file":".gitignore","status":"A","additions":7,"deletions":0}]},{"hash":"15ed6e5afcc30d7d7bd73f58b6ab9f57e902cf06","author":"fabi.wolff@arcor.de","committer":"fabi.wolff@arcor.de","date":"2020-12-22T14:58:24+01:00","message":"Import proof","body":"","diff":[{"file":"drmcomplete.v","status":"A","additions":3404,"deletions":0},{"file":"drmcorrect.v","status":"A","additions":3404,"deletions":0},{"file":"drmformula.v","status":"A","additions":3404,"deletions":0},{"file":"drmnodup.v","status":"A","additions":3404,"deletions":0}]}]