[{"hash":"e2b0a7d056161043d6479101d1e5f637019ecb85","author":"daniel.de_rauglaudre@inria.fr","committer":"daniel.de_rauglaudre@inria.fr","date":"2017-04-16T10:57:28+02:00","message":"Small precision added.","body":"","diff":[{"file":"README","status":"M","additions":1,"deletions":0}]},{"hash":"6cbd16edfefc0ce6b60ad1d1c095525db0a32093","author":"daniel.de_rauglaudre@inria.fr","committer":"daniel.de_rauglaudre@inria.fr","date":"2017-04-16T10:46:58+02:00","message":"Added README LICENSE.","body":"","diff":[{"file":"LICENSE","status":"A","additions":523,"deletions":0},{"file":"README","status":"A","additions":523,"deletions":0}]},{"hash":"65d5ae8625ff4b26b38830a202a837b113cf5e28","author":"daniel.de_rauglaudre@inria.fr","committer":"daniel.de_rauglaudre@inria.fr","date":"2017-04-16T10:38:55+02:00","message":"Added .depend.","body":"","diff":[{"file":".depend","status":"A","additions":4,"deletions":0}]},{"hash":"738933abb674b564a137a16f10a0a04eae35dc7c","author":"daniel.de_rauglaudre@inria.fr","committer":"daniel.de_rauglaudre@inria.fr","date":"2017-04-16T10:38:33+02:00","message":"First version.","body":"","diff":[{"file":".gitignore","status":"A","additions":505,"deletions":0},{"file":"Cauchy_Schwarz.v","status":"A","additions":505,"deletions":0},{"file":"Makefile","status":"A","additions":505,"deletions":0},{"file":"SummationR.v","status":"A","additions":505,"deletions":0}]}]