[{"hash":"9c7417c11f0c2468fe068d56e450a6b05ecd363a","author":"Hugo.Herbelin@inria.fr","committer":"Hugo.Herbelin@inria.fr","date":"2017-05-25T12:16:48+02:00","message":"Converting from iso-8859-1 to utf8.","body":"","diff":[{"file":"description","status":"M","additions":1,"deletions":1}]},{"hash":"07e3021aec1d97f5827eb6ea6281f11108150811","author":"Hugo.Herbelin@inria.fr","committer":"Hugo.Herbelin@inria.fr","date":"2017-06-28T10:25:15+02:00","message":"Move \"Save\" to \"Qed\".","body":"","diff":[{"file":"ArithCompl.v","status":"M","additions":130,"deletions":130},{"file":"Descent.v","status":"M","additions":130,"deletions":130},{"file":"Diophantus20.v","status":"M","additions":130,"deletions":130},{"file":"Fermat4.v","status":"M","additions":130,"deletions":130},{"file":"Pythagorean.v","status":"M","additions":130,"deletions":130}]},{"hash":"ad2e201137188da56e743e43afc0606b3f15b46f","author":"Hugo.Herbelin@inria.fr","committer":"Hugo.Herbelin@inria.fr","date":"2017-05-07T20:05:40+02:00","message":"Adapting to change of interpretation of real constants.","body":"Examples: 4 -> 2*2, 2 -> 1+1.\n","diff":[{"file":"Pythagorean.v","status":"M","additions":3,"deletions":2}]},{"hash":"c64228e4ffb9c314fd06a20d3bdb4385d76e2a10","author":"Hugo.Herbelin@inria.fr","committer":"Hugo.Herbelin@inria.fr","date":"2016-10-23T19:45:01+02:00","message":"Standard format for date in file description.","body":"","diff":[{"file":"description","status":"M","additions":1,"deletions":1}]},{"hash":"8bdd665776369a00331e55d6063a9b73217ce27a","author":"pierre.letouzey@inria.fr","committer":"pierre.letouzey@inria.fr","date":"2016-06-24T16:49:29+02:00","message":"Makefile: no more message about a Circular Make <- Makefile.coq dependency dropped","body":"","diff":[{"file":"Makefile","status":"M","additions":2,"deletions":0}]},{"hash":"adbc20369c2486a9037221a4c5eea4ecf14d3b1a","author":"m4tej.kosik@gmail.com","committer":"m4tej.kosik@gmail.com","date":"2016-05-25T18:25:21+02:00","message":"Merge branch 'v8.5'","body":"","diff":[]},{"hash":"adea2647ec51a213ce0ca0ee82c0e6db61fe56b5","author":"m4tej.kosik@gmail.com","committer":"m4tej.kosik@gmail.com","date":"2016-04-26T18:55:20+02:00","message":"updating Makefile","body":"","diff":[{"file":"Makefile","status":"M","additions":10,"deletions":178}]},{"hash":"983b8d192362aaddf9c0561928d19658d97a31f9","author":"m4tej.kosik@gmail.com","committer":"m4tej.kosik@gmail.com","date":"2016-04-26T18:55:18+02:00","message":"updating Makefile","body":"","diff":[{"file":"Makefile","status":"M","additions":1,"deletions":1}]},{"hash":"9b979998a7b4b5e5580064d44e1b49f59aaac3d7","author":"pierre-marie.pedrot@inria.fr","committer":"","date":"2016-03-18T19:08:06+01:00","message":"Auto-generating Makefile.","body":"","diff":[{"file":"Makefile","status":"M","additions":10,"deletions":178}]},{"hash":"87736c197b26d0a499c63a71850b8beaee9d0488","author":"m4tej.kosik@gmail.com","committer":"m4tej.kosik@gmail.com","date":"2016-03-15T19:31:46+01:00","message":"CLEANUP: \"Make\" file","body":"","diff":[{"file":"Make","status":"M","additions":1,"deletions":0}]},{"hash":"1e0874fc9f4afee21cf1956f4ae7c25cb6d6d86e","author":"herbelin@0cf17b13-060f-0410-b1b1-c666bec9822a","committer":"","date":"2014-06-03T13:48:13+00:00","message":"Applying \"Unset Standard Proposition Elimination Names\" for compatibility with commit bf7d2a3ad25 on names generated for propositional arguments of inductive types.","body":"git-svn-id: svn://scm.gforge.inria.fr/svnroot/coq-contribs/trunk@2661 0cf17b13-060f-0410-b1b1-c666bec9822a\n","diff":[{"file":"ArithCompl.v","status":"M","additions":2,"deletions":0}]},{"hash":"af18dcd22bd619defe003a093eadaa6c16fe6d8d","author":"pboutill@0cf17b13-060f-0410-b1b1-c666bec9822a","committer":"","date":"2012-01-17T17:30:22+00:00","message":"make.log and bench.log are files from local bench","body":"They are deleted and ignored in the depo.\n\ngit-svn-id: svn://scm.gforge.inria.fr/svnroot/coq-contribs/trunk@1724 0cf17b13-060f-0410-b1b1-c666bec9822a\n","diff":[{"file":"bench.log","status":"D","additions":0,"deletions":1437}]},{"hash":"e69561d74309a862869a7d9bfc82f4a88de6357a","author":"letouzey@0cf17b13-060f-0410-b1b1-c666bec9822a","committer":"","date":"2011-06-27T14:26:01+00:00","message":"Fermat4: fixes after changes in Znumtheory","body":"The produced name when destructing a Zdivide isn't q anymore.\nThese fixes try to make the scripts more robust\n\n\n\ngit-svn-id: svn://scm.gforge.inria.fr/svnroot/coq-contribs/trunk@1532 0cf17b13-060f-0410-b1b1-c666bec9822a\n","diff":[{"file":"ArithCompl.v","status":"M","additions":72,"deletions":68},{"file":"Fermat4.v","status":"M","additions":72,"deletions":68},{"file":"Pythagorean.v","status":"M","additions":72,"deletions":68}]},{"hash":"85c88618256401aaf414cd589690c998702f2bc4","author":"letouzey@0cf17b13-060f-0410-b1b1-c666bec9822a","committer":"","date":"2010-12-09T14:17:22+00:00","message":"Fermat4: fix a proof broken by the change of Zdiv2","body":"git-svn-id: svn://scm.gforge.inria.fr/svnroot/coq-contribs/trunk@1305 0cf17b13-060f-0410-b1b1-c666bec9822a\n","diff":[{"file":"ArithCompl.v","status":"M","additions":1,"deletions":8}]},{"hash":"c34d5b5a0c54f9691850818db0ff01864e4719d7","author":"serpyc@0cf17b13-060f-0410-b1b1-c666bec9822a","committer":"","date":"2009-11-16T14:24:55+00:00","message":"Sauvegarde des bench.log","body":"git-svn-id: svn://scm.gforge.inria.fr/svnroot/coq-contribs/trunk@1075 0cf17b13-060f-0410-b1b1-c666bec9822a\n","diff":[{"file":"bench.log","status":"M","additions":80,"deletions":0}]},{"hash":"1ffb6d4b8c3264d81224279bd45521acb0256a86","author":"letouzey@0cf17b13-060f-0410-b1b1-c666bec9822a","committer":"","date":"2009-11-12T17:15:33+00:00","message":"Some names generated by an intros have changed => explicit names in the script now","body":"git-svn-id: svn://scm.gforge.inria.fr/svnroot/coq-contribs/trunk@1057 0cf17b13-060f-0410-b1b1-c666bec9822a\n","diff":[{"file":"Pythagorean.v","status":"M","additions":1,"deletions":1}]},{"hash":"7fbca666150fe0d7c7807dc8714bf022e278e026","author":"serpyc@0cf17b13-060f-0410-b1b1-c666bec9822a","committer":"","date":"2009-08-19T12:41:28+00:00","message":"sauvegarde des bench.log","body":"git-svn-id: svn://scm.gforge.inria.fr/svnroot/coq-contribs/trunk@1016 0cf17b13-060f-0410-b1b1-c666bec9822a\n","diff":[{"file":"bench.log","status":"M","additions":353,"deletions":0}]},{"hash":"232a5fdc338c71050213cdc177320ed20e860f35","author":"serpyc@0cf17b13-060f-0410-b1b1-c666bec9822a","committer":"","date":"2008-07-30T13:09:12+00:00","message":"Sauvergarde des bench.log","body":"git-svn-id: svn://scm.gforge.inria.fr/svnroot/coq-contribs/trunk@829 0cf17b13-060f-0410-b1b1-c666bec9822a\n","diff":[{"file":"bench.log","status":"M","additions":36,"deletions":0}]},{"hash":"f559a0a06836df273a21013a2fc118234df06d39","author":"serpyc@0cf17b13-060f-0410-b1b1-c666bec9822a","committer":"","date":"2008-06-17T13:38:56+00:00","message":"Sauvegarde des bench.log","body":"git-svn-id: svn://scm.gforge.inria.fr/svnroot/coq-contribs/trunk@809 0cf17b13-060f-0410-b1b1-c666bec9822a\n","diff":[{"file":"bench.log","status":"M","additions":75,"deletions":0}]},{"hash":"972c798e76eb2052c209bd7351c69da86f96d219","author":"notin@0cf17b13-060f-0410-b1b1-c666bec9822a","committer":"","date":"2008-04-22T17:12:51+00:00","message":"Ajout d'un champ Category dans les fichiers description","body":"git-svn-id: svn://scm.gforge.inria.fr/svnroot/coq-contribs/trunk@776 0cf17b13-060f-0410-b1b1-c666bec9822a\n","diff":[{"file":"description","status":"M","additions":1,"deletions":0}]},{"hash":"d95c1f23310621bacb91c54b22e0478b52cf1641","author":"serpyc@0cf17b13-060f-0410-b1b1-c666bec9822a","committer":"","date":"2008-04-04T15:27:29+00:00","message":"Sauvegarde des bench.log","body":"git-svn-id: svn://scm.gforge.inria.fr/svnroot/coq-contribs/trunk@747 0cf17b13-060f-0410-b1b1-c666bec9822a\n","diff":[{"file":"bench.log","status":"M","additions":114,"deletions":0}]},{"hash":"588642b37404200e800c2f2dfc42c5c1a29b88d2","author":"notin@0cf17b13-060f-0410-b1b1-c666bec9822a","committer":"","date":"2008-03-08T08:41:02+00:00","message":"Réparation des Makefile (liens des exécutables ocaml)","body":"git-svn-id: svn://scm.gforge.inria.fr/svnroot/coq-contribs/trunk@703 0cf17b13-060f-0410-b1b1-c666bec9822a\n","diff":[{"file":"Makefile","status":"M","additions":18,"deletions":18}]},{"hash":"f986d33ffd2f0dc9ba4edbefc73b8493670fd4af","author":"notin@0cf17b13-060f-0410-b1b1-c666bec9822a","committer":"","date":"2008-03-07T09:54:50+00:00","message":"Mise à jour des Makefile générés par coq_makefile","body":"git-svn-id: svn://scm.gforge.inria.fr/svnroot/coq-contribs/trunk@692 0cf17b13-060f-0410-b1b1-c666bec9822a\n","diff":[{"file":".depend","status":"D","additions":69,"deletions":81},{"file":"Make","status":"D","additions":69,"deletions":81},{"file":"Makefile","status":"D","additions":69,"deletions":81}]},{"hash":"890d4d8a04678d9f77e510610ff9f59ddc1a0141","author":"notin@0cf17b13-060f-0410-b1b1-c666bec9822a","committer":"","date":"2007-11-23T13:58:38+00:00","message":"Sauvegarde des bench.log","body":"git-svn-id: svn://scm.gforge.inria.fr/svnroot/coq-contribs/trunk@639 0cf17b13-060f-0410-b1b1-c666bec9822a\n","diff":[{"file":"bench.log","status":"M","additions":237,"deletions":0}]},{"hash":"1a2fef4bc9734aaebda6872e54752672d63d75fb","author":"notin@0cf17b13-060f-0410-b1b1-c666bec9822a","committer":"","date":"2007-03-13T16:31:41+00:00","message":"Sauvegarde des bench.log","body":"git-svn-id: svn://scm.gforge.inria.fr/svnroot/coq-contribs/trunk@577 0cf17b13-060f-0410-b1b1-c666bec9822a\n","diff":[{"file":"bench.log","status":"M","additions":18,"deletions":0}]},{"hash":"9467049b3d81271b26aaaba7503c71135f532cca","author":"notin@0cf17b13-060f-0410-b1b1-c666bec9822a","committer":"","date":"2007-02-22T15:56:55+00:00","message":"Sauvegarde des bench.log","body":"git-svn-id: svn://scm.gforge.inria.fr/svnroot/coq-contribs/trunk@569 0cf17b13-060f-0410-b1b1-c666bec9822a\n","diff":[{"file":"bench.log","status":"A","additions":524,"deletions":0}]},{"hash":"9139c47513550712910aec70d76fea90c0d31bc4","author":"bgregoir@0cf17b13-060f-0410-b1b1-c666bec9822a","committer":"","date":"2006-12-15T16:38:35+00:00","message":"compatibilit'e avec nouvelle version de ring et field.","body":"git-svn-id: svn://scm.gforge.inria.fr/svnroot/coq-contribs/trunk@536 0cf17b13-060f-0410-b1b1-c666bec9822a\n","diff":[{"file":"Diophantus20.v","status":"M","additions":10,"deletions":9},{"file":"Pythagorean.v","status":"M","additions":10,"deletions":9}]},{"hash":"96ae8983ef124b8bd2b1d86154a407caceb3ea30","author":"notin@0cf17b13-060f-0410-b1b1-c666bec9822a","committer":"","date":"2006-10-12T14:59:37+00:00","message":"Correction suite aux modif dans la révision 9230 (ajouts dans Field_theory et Ring_polynom)","body":"git-svn-id: svn://scm.gforge.inria.fr/svnroot/coq-contribs/trunk@510 0cf17b13-060f-0410-b1b1-c666bec9822a\n","diff":[{"file":"Pythagorean.v","status":"M","additions":0,"deletions":3}]},{"hash":"bf60eae2b0bda1d05e746a3575b38a662badf966","author":"barras@0cf17b13-060f-0410-b1b1-c666bec9822a","committer":"","date":"2006-09-28T15:53:40+00:00","message":"nouveau ring","body":"git-svn-id: svn://scm.gforge.inria.fr/svnroot/coq-contribs/trunk@500 0cf17b13-060f-0410-b1b1-c666bec9822a\n","diff":[{"file":"ArithCompl.v","status":"M","additions":50,"deletions":37},{"file":"Diophantus20.v","status":"M","additions":50,"deletions":37},{"file":"Pythagorean.v","status":"M","additions":50,"deletions":37},{"file":"Tactics.v","status":"M","additions":50,"deletions":37}]},{"hash":"81c5486cd050869e86194b73fddf5c2dd8d8894a","author":"notin@0cf17b13-060f-0410-b1b1-c666bec9822a","committer":"","date":"2006-06-26T14:11:41+00:00","message":"Réparation Fermat4 suite aux changements dans Znumtheory.v","body":"git-svn-id: svn://scm.gforge.inria.fr/svnroot/coq-contribs/trunk@464 0cf17b13-060f-0410-b1b1-c666bec9822a\n","diff":[{"file":"ArithCompl.v","status":"M","additions":2,"deletions":2},{"file":"Fermat4.v","status":"M","additions":2,"deletions":2}]},{"hash":"97a11e85c1247f06427ab1a1788d8b14451f9fdb","author":"delahaye@0cf17b13-060f-0410-b1b1-c666bec9822a","committer":"","date":"2005-07-07T18:30:18+00:00","message":"Some make-up","body":"git-svn-id: svn://scm.gforge.inria.fr/svnroot/coq-contribs/trunk@185 0cf17b13-060f-0410-b1b1-c666bec9822a\n","diff":[{"file":"ArithCompl.v","status":"M","additions":3,"deletions":4},{"file":"README","status":"M","additions":3,"deletions":4}]},{"hash":"99e2c3b3a7fccf094363ce2cb37801d0ffc3bac5","author":"delahaye@0cf17b13-060f-0410-b1b1-c666bec9822a","committer":"","date":"2005-07-04T22:58:43+00:00","message":"Adding the Fermat4 contribution","body":"git-svn-id: svn://scm.gforge.inria.fr/svnroot/coq-contribs/trunk@184 0cf17b13-060f-0410-b1b1-c666bec9822a\n","diff":[{"file":".depend","status":"A","additions":2431,"deletions":0},{"file":"ArithCompl.v","status":"A","additions":2431,"deletions":0},{"file":"Descent.v","status":"A","additions":2431,"deletions":0},{"file":"Diophantus20.v","status":"A","additions":2431,"deletions":0},{"file":"Fermat4.v","status":"A","additions":2431,"deletions":0},{"file":"Make","status":"A","additions":2431,"deletions":0},{"file":"Makefile","status":"A","additions":2431,"deletions":0},{"file":"Pythagorean.v","status":"A","additions":2431,"deletions":0},{"file":"README","status":"A","additions":2431,"deletions":0},{"file":"Tactics.v","status":"A","additions":2431,"deletions":0},{"file":"description","status":"A","additions":2431,"deletions":0}]}]