[{"hash":"66c11466b499c0f26a9d687933432e16f4aed080","author":"Hugo.Herbelin@inria.fr","committer":"Hugo.Herbelin@inria.fr","date":"2016-10-23T19:45:03+02:00","message":"Standard format for date in file description.","body":"","diff":[{"file":"description","status":"M","additions":1,"deletions":1}]},{"hash":"e2a802cb234193a411e4f3e7a4e31dbda4e1ca65","author":"pierre.letouzey@inria.fr","committer":"pierre.letouzey@inria.fr","date":"2016-06-24T16:49:30+02:00","message":"Makefile: no more message about a Circular Make <- Makefile.coq dependency dropped","body":"","diff":[{"file":"Makefile","status":"M","additions":2,"deletions":0}]},{"hash":"d5b8dea3d46b53d2b8fc5307468f8d257a39ee3c","author":"m4tej.kosik@gmail.com","committer":"m4tej.kosik@gmail.com","date":"2016-05-25T19:35:46+02:00","message":"Merge branch 'v8.5'","body":"","diff":[]},{"hash":"c9359ea793c897cb7a5ef540fae3b45362f3ac5d","author":"m4tej.kosik@gmail.com","committer":"m4tej.kosik@gmail.com","date":"2016-04-27T19:41:48+02:00","message":"updating Makefile","body":"","diff":[{"file":"Makefile","status":"M","additions":10,"deletions":192}]},{"hash":"8369da267087389da671907527f9d2334b18dfc6","author":"m4tej.kosik@gmail.com","committer":"m4tej.kosik@gmail.com","date":"2016-04-27T19:41:46+02:00","message":"updating Makefile","body":"","diff":[{"file":"Makefile","status":"M","additions":1,"deletions":1}]},{"hash":"f29f1bd437ba48463a7154b3dc2ae1cda26352df","author":"pierre-marie.pedrot@inria.fr","committer":"","date":"2016-03-18T19:13:07+01:00","message":"Auto-generating Makefile.","body":"","diff":[{"file":"Makefile","status":"M","additions":10,"deletions":192}]},{"hash":"ea70812560658a220d3548dab06ba5b7de0f516e","author":"herbelin@0cf17b13-060f-0410-b1b1-c666bec9822a","committer":"","date":"2014-09-12T06:46:59+00:00","message":"Consequence of fixing \"inversion as\".","body":"git-svn-id: svn://scm.gforge.inria.fr/svnroot/coq-contribs/trunk@2825 0cf17b13-060f-0410-b1b1-c666bec9822a\n","diff":[{"file":"UList.v","status":"M","additions":1,"deletions":1}]},{"hash":"738168002f53315fbc74dd85c28fd136b5bd0d25","author":"ppedrot@0cf17b13-060f-0410-b1b1-c666bec9822a","committer":"","date":"2014-02-12T18:44:48+00:00","message":"Revert \"Regenerating Makefiles.\" We will be able to do so when we have access to the newbench machine.","body":"git-svn-id: svn://scm.gforge.inria.fr/svnroot/coq-contribs/trunk@2489 0cf17b13-060f-0410-b1b1-c666bec9822a\n","diff":[{"file":"Makefile","status":"M","additions":126,"deletions":193}]},{"hash":"c6d14d0097824cd80ff8077c0e3640414fc0e8e3","author":"ppedrot@0cf17b13-060f-0410-b1b1-c666bec9822a","committer":"","date":"2014-02-11T16:17:04+00:00","message":"Regenerating Makefiles. They were quite outdated and spat a lot of warning related to deprecated features. This should work as-is, but I am still crossing my fingers.","body":"git-svn-id: svn://scm.gforge.inria.fr/svnroot/coq-contribs/trunk@2484 0cf17b13-060f-0410-b1b1-c666bec9822a\n","diff":[{"file":"Makefile","status":"M","additions":193,"deletions":126}]},{"hash":"403c0d55b058503d29153345105218d7a4ff5a39","author":"pboutill@0cf17b13-060f-0410-b1b1-c666bec9822a","committer":"","date":"2012-01-17T17:30:22+00:00","message":"make.log and bench.log are files from local bench","body":"They are deleted and ignored in the depo.\n\ngit-svn-id: svn://scm.gforge.inria.fr/svnroot/coq-contribs/trunk@1724 0cf17b13-060f-0410-b1b1-c666bec9822a\n","diff":[{"file":"bench.log","status":"D","additions":0,"deletions":1602}]},{"hash":"59dc02277be094f3df1885304cdf6ffaef4e9dc8","author":"letouzey@0cf17b13-060f-0410-b1b1-c666bec9822a","committer":"","date":"2011-09-16T20:05:46+00:00","message":"SumOfTwoSquare: adapt to stronger omega which knows Zpred now","body":"git-svn-id: svn://scm.gforge.inria.fr/svnroot/coq-contribs/trunk@1591 0cf17b13-060f-0410-b1b1-c666bec9822a\n","diff":[{"file":"TwoSquares.v","status":"M","additions":0,"deletions":8},{"file":"ZProgression.v","status":"M","additions":0,"deletions":8},{"file":"ZdivExp.v","status":"M","additions":0,"deletions":8}]},{"hash":"778ead701334223af96b13efe9eb8132d0c05e9d","author":"letouzey@0cf17b13-060f-0410-b1b1-c666bec9822a","committer":"","date":"2011-06-29T15:19:16+00:00","message":"SumOfTwoSquare: use Z.sqrt instead of trunk-specific Zsqrt or older Zsqrt_plain","body":"git-svn-id: svn://scm.gforge.inria.fr/svnroot/coq-contribs/trunk@1537 0cf17b13-060f-0410-b1b1-c666bec9822a\n","diff":[{"file":"Aux.v","status":"M","additions":20,"deletions":20},{"file":"TwoSquares.v","status":"M","additions":20,"deletions":20}]},{"hash":"7ba1f5564938c46df64f2a0dcbf072dcc001d3bb","author":"letouzey@0cf17b13-060f-0410-b1b1-c666bec9822a","committer":"","date":"2010-11-03T17:41:05+00:00","message":"SumOfTwoSquare: some more changes concerning Zsqrt","body":"git-svn-id: svn://scm.gforge.inria.fr/svnroot/coq-contribs/trunk@1280 0cf17b13-060f-0410-b1b1-c666bec9822a\n","diff":[{"file":"Aux.v","status":"M","additions":2,"deletions":2}]},{"hash":"a6bdad4f4cff2ec6542cb80e611322cbdc46897b","author":"letouzey@0cf17b13-060f-0410-b1b1-c666bec9822a","committer":"","date":"2010-10-19T12:57:37+00:00","message":"SumOfTwoSquare: small fixes after changes concerning Zsqrt","body":"git-svn-id: svn://scm.gforge.inria.fr/svnroot/coq-contribs/trunk@1272 0cf17b13-060f-0410-b1b1-c666bec9822a\n","diff":[{"file":"Aux.v","status":"M","additions":32,"deletions":57},{"file":"TwoSquares.v","status":"M","additions":32,"deletions":57}]},{"hash":"47d770df7ace0c59393e38a31819203376c9ecdd","author":"serpyc@0cf17b13-060f-0410-b1b1-c666bec9822a","committer":"","date":"2009-11-16T14:24:55+00:00","message":"Sauvegarde des bench.log","body":"git-svn-id: svn://scm.gforge.inria.fr/svnroot/coq-contribs/trunk@1075 0cf17b13-060f-0410-b1b1-c666bec9822a\n","diff":[{"file":"bench.log","status":"M","additions":80,"deletions":0}]},{"hash":"e3dc54500166acdf0965a2e742b16b773e4ac2fc","author":"serpyc@0cf17b13-060f-0410-b1b1-c666bec9822a","committer":"","date":"2009-08-19T12:41:28+00:00","message":"sauvegarde des bench.log","body":"git-svn-id: svn://scm.gforge.inria.fr/svnroot/coq-contribs/trunk@1016 0cf17b13-060f-0410-b1b1-c666bec9822a\n","diff":[{"file":"bench.log","status":"M","additions":353,"deletions":0}]},{"hash":"3e51ce23999bf8bce61e2bc9fc426a785e4be671","author":"serpyc@0cf17b13-060f-0410-b1b1-c666bec9822a","committer":"","date":"2008-07-30T13:09:12+00:00","message":"Sauvergarde des bench.log","body":"git-svn-id: svn://scm.gforge.inria.fr/svnroot/coq-contribs/trunk@829 0cf17b13-060f-0410-b1b1-c666bec9822a\n","diff":[{"file":"bench.log","status":"M","additions":36,"deletions":0}]},{"hash":"458d8e6151fe1dfdfd6d18ce1933571dd1c3d7b9","author":"serpyc@0cf17b13-060f-0410-b1b1-c666bec9822a","committer":"","date":"2008-06-17T13:38:56+00:00","message":"Sauvegarde des bench.log","body":"git-svn-id: svn://scm.gforge.inria.fr/svnroot/coq-contribs/trunk@809 0cf17b13-060f-0410-b1b1-c666bec9822a\n","diff":[{"file":"bench.log","status":"M","additions":75,"deletions":0}]},{"hash":"9a8ab57155d00b498440ad79287769bd599300be","author":"notin@0cf17b13-060f-0410-b1b1-c666bec9822a","committer":"","date":"2008-04-22T17:12:51+00:00","message":"Ajout d'un champ Category dans les fichiers description","body":"git-svn-id: svn://scm.gforge.inria.fr/svnroot/coq-contribs/trunk@776 0cf17b13-060f-0410-b1b1-c666bec9822a\n","diff":[{"file":"description","status":"M","additions":1,"deletions":0}]},{"hash":"697c4222f11edf4eb4c571a2cdc1461eb2890e4a","author":"serpyc@0cf17b13-060f-0410-b1b1-c666bec9822a","committer":"","date":"2008-04-04T15:27:29+00:00","message":"Sauvegarde des bench.log","body":"git-svn-id: svn://scm.gforge.inria.fr/svnroot/coq-contribs/trunk@747 0cf17b13-060f-0410-b1b1-c666bec9822a\n","diff":[{"file":"bench.log","status":"M","additions":114,"deletions":0}]},{"hash":"fc6fc64c94f058131ef3baba5b46a937871c3933","author":"notin@0cf17b13-060f-0410-b1b1-c666bec9822a","committer":"","date":"2008-03-08T08:41:02+00:00","message":"Réparation des Makefile (liens des exécutables ocaml)","body":"git-svn-id: svn://scm.gforge.inria.fr/svnroot/coq-contribs/trunk@703 0cf17b13-060f-0410-b1b1-c666bec9822a\n","diff":[{"file":"Makefile","status":"M","additions":7,"deletions":7}]},{"hash":"ef1830e26dd2c93d47e9b22a47f8c9b90de02e4b","author":"notin@0cf17b13-060f-0410-b1b1-c666bec9822a","committer":"","date":"2008-03-07T09:54:50+00:00","message":"Mise à jour des Makefile générés par coq_makefile","body":"git-svn-id: svn://scm.gforge.inria.fr/svnroot/coq-contribs/trunk@692 0cf17b13-060f-0410-b1b1-c666bec9822a\n","diff":[{"file":".depend","status":"D","additions":77,"deletions":110},{"file":"Make","status":"D","additions":77,"deletions":110},{"file":"Makefile","status":"D","additions":77,"deletions":110}]},{"hash":"af45b4f1da709ff724cd4cbcf6c4dd15ffda3a16","author":"notin@0cf17b13-060f-0410-b1b1-c666bec9822a","committer":"","date":"2007-11-23T13:58:38+00:00","message":"Sauvegarde des bench.log","body":"git-svn-id: svn://scm.gforge.inria.fr/svnroot/coq-contribs/trunk@639 0cf17b13-060f-0410-b1b1-c666bec9822a\n","diff":[{"file":"bench.log","status":"M","additions":237,"deletions":0}]},{"hash":"246f47aa686e97f257d9272a0ed6303d653f6302","author":"notin@0cf17b13-060f-0410-b1b1-c666bec9822a","committer":"","date":"2007-03-13T16:31:41+00:00","message":"Sauvegarde des bench.log","body":"git-svn-id: svn://scm.gforge.inria.fr/svnroot/coq-contribs/trunk@577 0cf17b13-060f-0410-b1b1-c666bec9822a\n","diff":[{"file":"bench.log","status":"M","additions":18,"deletions":0}]},{"hash":"3c1c821bd85c02bdb028f05d48b0273735ee03ff","author":"notin@0cf17b13-060f-0410-b1b1-c666bec9822a","committer":"","date":"2007-02-22T15:56:55+00:00","message":"Sauvegarde des bench.log","body":"git-svn-id: svn://scm.gforge.inria.fr/svnroot/coq-contribs/trunk@569 0cf17b13-060f-0410-b1b1-c666bec9822a\n","diff":[{"file":"bench.log","status":"A","additions":689,"deletions":0}]},{"hash":"2e55767ca65abbfb4642480d886f7a725adb304b","author":"barras@0cf17b13-060f-0410-b1b1-c666bec9822a","committer":"","date":"2006-09-28T15:27:01+00:00","message":"nouveau ring","body":"git-svn-id: svn://scm.gforge.inria.fr/svnroot/coq-contribs/trunk@499 0cf17b13-060f-0410-b1b1-c666bec9822a\n","diff":[{"file":"Aux.v","status":"M","additions":2,"deletions":0}]},{"hash":"bc913d07175e5b47e2dba01ee54458dcbdb19cdc","author":"notin@0cf17b13-060f-0410-b1b1-c666bec9822a","committer":"","date":"2006-06-26T12:25:29+00:00","message":"Réparation Aux.v","body":"git-svn-id: svn://scm.gforge.inria.fr/svnroot/coq-contribs/trunk@462 0cf17b13-060f-0410-b1b1-c666bec9822a\n","diff":[{"file":"Aux.v","status":"M","additions":4,"deletions":1}]},{"hash":"c5e64526030872143ec07047171071aefc9fe315","author":"herbelin@0cf17b13-060f-0410-b1b1-c666bec9822a","committer":"","date":"2006-05-29T07:35:34+00:00","message":"Explicitation d'une contrainte de Type suite au passage du type list dans Type","body":"git-svn-id: svn://scm.gforge.inria.fr/svnroot/coq-contribs/trunk@439 0cf17b13-060f-0410-b1b1-c666bec9822a\n","diff":[{"file":"ZProd.v","status":"M","additions":1,"deletions":1}]},{"hash":"fce4246b1666b8b8a35da3c8a3e90a588617a5cf","author":"notin@0cf17b13-060f-0410-b1b1-c666bec9822a","committer":"","date":"2006-04-13T07:04:18+00:00","message":"Ajout des fichiers LICENSE","body":"git-svn-id: svn://scm.gforge.inria.fr/svnroot/coq-contribs/trunk@387 0cf17b13-060f-0410-b1b1-c666bec9822a\n","diff":[{"file":"LICENSE","status":"A","additions":504,"deletions":0}]},{"hash":"e6cb19dc5b76cc355fda0247f575c0c022777aa3","author":"notin@0cf17b13-060f-0410-b1b1-c666bec9822a","committer":"","date":"2006-04-12T09:20:39+00:00","message":"Ajout de licence aux contribs","body":"git-svn-id: svn://scm.gforge.inria.fr/svnroot/coq-contribs/trunk@382 0cf17b13-060f-0410-b1b1-c666bec9822a\n","diff":[{"file":"Aux.v","status":"M","additions":224,"deletions":0},{"file":"Fermat.v","status":"M","additions":224,"deletions":0},{"file":"Iterator.v","status":"M","additions":224,"deletions":0},{"file":"Permutation.v","status":"M","additions":224,"deletions":0},{"file":"Tactic.v","status":"M","additions":224,"deletions":0},{"file":"TwoSquares.v","status":"M","additions":224,"deletions":0},{"file":"UList.v","status":"M","additions":224,"deletions":0},{"file":"Wilson.v","status":"M","additions":224,"deletions":0},{"file":"ZFact.v","status":"M","additions":224,"deletions":0},{"file":"ZProd.v","status":"M","additions":224,"deletions":0},{"file":"ZProgression.v","status":"M","additions":224,"deletions":0},{"file":"ZdivExp.v","status":"M","additions":224,"deletions":0},{"file":"ZisMod.v","status":"M","additions":224,"deletions":0},{"file":"sTactic.v","status":"M","additions":224,"deletions":0}]},{"hash":"02f077b57642496a973e4f7081fbb71c653381b2","author":"herbelin@0cf17b13-060f-0410-b1b1-c666bec9822a","committer":"","date":"2005-05-02T10:52:25+00:00","message":"Utilisation partielle du nouvel énoncé de Z_lt_induction (Zlt_0_ind)","body":"git-svn-id: svn://scm.gforge.inria.fr/svnroot/coq-contribs/trunk@170 0cf17b13-060f-0410-b1b1-c666bec9822a\n","diff":[{"file":"TwoSquares.v","status":"M","additions":4,"deletions":4}]},{"hash":"001975c17ac76b6ec01d9939bd574a3a37c71616","author":"herbelin@0cf17b13-060f-0410-b1b1-c666bec9822a","committer":"","date":"2005-05-02T10:52:05+00:00","message":"Utilisation du nouvel énoncé de Z_lt_rec (Zlt_0_rec)","body":"git-svn-id: svn://scm.gforge.inria.fr/svnroot/coq-contribs/trunk@169 0cf17b13-060f-0410-b1b1-c666bec9822a\n","diff":[{"file":"ZdivExp.v","status":"M","additions":2,"deletions":2}]},{"hash":"ec9d38f17ce27411a84359ef6b1b717a5677a400","author":"sacerdot@0cf17b13-060f-0410-b1b1-c666bec9822a","committer":"","date":"2005-01-12T11:23:53+00:00","message":"New contrib on numbers equal to the sum of two square numbers by Laurent Thery.","body":"git-svn-id: svn://scm.gforge.inria.fr/svnroot/coq-contribs/trunk@150 0cf17b13-060f-0410-b1b1-c666bec9822a\n","diff":[{"file":".depend","status":"A","additions":4058,"deletions":0},{"file":"Aux.v","status":"A","additions":4058,"deletions":0},{"file":"Fermat.v","status":"A","additions":4058,"deletions":0},{"file":"Iterator.v","status":"A","additions":4058,"deletions":0},{"file":"Make","status":"A","additions":4058,"deletions":0},{"file":"Makefile","status":"A","additions":4058,"deletions":0},{"file":"Note.pdf","status":"A","additions":4058,"deletions":0},{"file":"Permutation.v","status":"A","additions":4058,"deletions":0},{"file":"README","status":"A","additions":4058,"deletions":0},{"file":"Tactic.v","status":"A","additions":4058,"deletions":0},{"file":"TwoSquares.v","status":"A","additions":4058,"deletions":0},{"file":"UList.v","status":"A","additions":4058,"deletions":0},{"file":"Wilson.v","status":"A","additions":4058,"deletions":0},{"file":"ZFact.v","status":"A","additions":4058,"deletions":0},{"file":"ZProd.v","status":"A","additions":4058,"deletions":0},{"file":"ZProgression.v","status":"A","additions":4058,"deletions":0},{"file":"ZdivExp.v","status":"A","additions":4058,"deletions":0},{"file":"ZisMod.v","status":"A","additions":4058,"deletions":0},{"file":"description","status":"A","additions":4058,"deletions":0},{"file":"sTactic.v","status":"A","additions":4058,"deletions":0}]}]