[{"hash":"4d5a1ca5927f8dc20017dd548e734ca384bca861","author":"darijgrinberg@gmail.com","committer":"","date":"2022-02-18T23:02:05+01:00","message":"update to compile with coq 8.14.1","body":"","diff":[{"file":"Reciprocity/Accumulation.v","status":"M","additions":257,"deletions":256},{"file":"Reciprocity/Finite.v","status":"M","additions":257,"deletions":256},{"file":"Reciprocity/Reciprocity.v","status":"M","additions":257,"deletions":256},{"file":"topo/topo.v","status":"M","additions":257,"deletions":256}]},{"hash":"686170cec58d3cc96e0e130e91aa407f0cbbc2da","author":"beviguier@gmail.com","committer":"","date":"2019-07-29T18:02:44+02:00","message":"add opam file","body":"","diff":[{"file":"opam","status":"A","additions":26,"deletions":0}]},{"hash":"80cd5978c3fb995e9d0f676b0d22a768cad37166","author":"beviguier@gmail.com","committer":"","date":"2019-07-29T17:59:58+02:00","message":"fix warnings","body":"","diff":[{"file":"Makefile.local","status":"D","additions":5,"deletions":32},{"file":"Reciprocity/Accumulation.v","status":"D","additions":5,"deletions":32},{"file":"Reciprocity/Finite.v","status":"D","additions":5,"deletions":32},{"file":"configure.sh","status":"D","additions":5,"deletions":32}]},{"hash":"95cbdf289fe7a8ba89cfcc9026f6746021e64154","author":"beviguier@gmail.com","committer":"","date":"2019-02-27T15:38:57+01:00","message":"Add Configure.sh and makefile","body":"","diff":[{"file":".gitignore","status":"A","additions":96,"deletions":48},{"file":"Makefile.local","status":"A","additions":96,"deletions":48},{"file":"reciprocity/Accumulation.v","status":"A","additions":96,"deletions":48},{"file":"reciprocity/Finite.v","status":"A","additions":96,"deletions":48},{"file":"reciprocity/Reciprocity.v","status":"A","additions":96,"deletions":48},{"file":"configure.sh","status":"A","additions":96,"deletions":48}]},{"hash":"6fbe4eddf64d75eef30f627699da3744e3f57c4a","author":"nathanael.courant@laposte.net","committer":"nathanael.courant@laposte.net","date":"2019-04-01T19:38:34+02:00","message":"Add proof of Baire theorem","body":"","diff":[{"file":"topo/topo.v","status":"A","additions":776,"deletions":0}]},{"hash":"46d06f19fd3781828526e55603b97f286a63eefa","author":"nathanael.courant@laposte.net","committer":"nathanael.courant@laposte.net","date":"2018-02-15T10:21:13+01:00","message":"Add license","body":"","diff":[{"file":"LICENSE","status":"A","additions":19,"deletions":0}]},{"hash":"ef4e5fc3c42d02ae0af4e5688ae5517b4ced6ba0","author":"nathanael.courant@laposte.net","committer":"nathanael.courant@laposte.net","date":"2017-09-14T13:19:59+02:00","message":"Update proofs to work with Coq 8.6.1","body":"","diff":[{"file":"reciprocity/Finite.v","status":"M","additions":5,"deletions":4},{"file":"reciprocity/Reciprocity.v","status":"M","additions":5,"deletions":4}]},{"hash":"043183a22acd316ff14165f7bd4afcb8aa4f6e2a","author":"nathanael.courant@laposte.net","committer":"nathanael.courant@laposte.net","date":"2014-12-29T18:46:07+01:00","message":"Initial commit: quadratic reciprocity.","body":"","diff":[{"file":".gitignore","status":"A","additions":2752,"deletions":0},{"file":"reciprocity/Accumulation.v","status":"A","additions":2752,"deletions":0},{"file":"reciprocity/Finite.v","status":"A","additions":2752,"deletions":0},{"file":"reciprocity/Reciprocity.v","status":"A","additions":2752,"deletions":0}]}]